,id_aeropuerto,iata,sigla,nombre,categoria,clase,tipo,propietario,explotador,latitud,longitud
0,31,nan,7FU,LA ESCONDIDA,Aeródromo,1A,Fumigación,PALMAS SICARARE S.A.S.,COSARGO S.A.S.,4.6108,-71.1935
1,90,nan,7FW,MORICHITO,Aeródromo,1A,Privado,CARMEN NARANJO,ROBERTO C. RIAÑO P.,5.9188,-71.7932
2,152,nan,7FX,CAROLINA DEL PRINCIPE,Aeródromo,1A,Público,MUNICIPIO,MUNICIPIO,6.7248,-75.2909
3,113,nan,7FY,DUBAI,Aeródromo,1A,Privado,ANDRES D. LONDOÑO T.,ANDRES D. LONDOÑO T.,8.296,-75.0307
4,11,nan,7GA,BARU - HIDROPUERTO,Aeródromo,1A,Privado,MAURICIO E. VASQUEZ M.,EL MISMO,10.2321,-75.5877
5,171,nan,7GB,LA CAROLINA,Aeródromo,UL,Privado,JORGE AGUDELO RESTREPO,JORGE AGUDELO REST.,9.528,-73.7866
6,116,nan,7GC,SAN FELIPE DEL PAUTO,Aeródromo,1A,Privado,AGRAS S.A.S,AGRAS S.A.S,5.2032,-70.8951
7,174,nan,7GD,VELASQUEZ,Aeródromo,3C,Privado,FAC,MANSAROVAR,5.9482,-74.4575
8,13,nan,7GF,LA UNION,Aeródromo,1A,Privado,MARTHA Y. VARGAS DE R.,GEOPARK CUERVA,5.6283,-70.7032
9,52,nan,7GG,LA ILUSION,Aeródromo,1A,Privado,SIGRA S.A.,SIGRA S.A.,4.5805,-72.4282
10,156,nan,7GH,LA VENTUROSA,Aeródromo,1A,Público,MUNICIPIO,GOBERNACION,6.1391,-68.7779
11,71,nan,7GI,GUAYABAL DEL CRAVO,Aeródromo,1A,Privado,KLAUS PUTH ARANGUREN,KLAUS PUTH ARANGUREN,4.7223,-71.5943
12,10,nan,7GK,LAS VIOLETAS- CA,Aeródromo,UL,Privado,FRANCELINA CADENA,AEROCLUB DEL META,3.8519,-73.7286
13,38,nan,7GN,LOS MANGOS,Aeródromo,UL,Privado,MANUEL LOPEZ ORTEGA,MANUEL LOPEZ ORTEGA,8.2956,-75.0987
14,69,nan,7HA,EL CONDOR,Aeródromo,UL,Privado,AEROTURBO DE COLOMBIA,LUIS FDO. BARRETO CAVIEDES,4.2595,-74.8308
15,177,nan,7HB,HOTEL SAN DIEGO,Aeródromo,2A,Privado,MADYGAN S.A.S.,MADYGAN S.A.S.,3.7693,-71.8179
16,15,nan,7HC,EL CAFUCHE,Aeródromo,1A,Privado,ANDRES CARVAJAL MOLINA,ANDRES CARVAJAL MOLINA,5.3152,-70.0184
17,121,nan,7HE,GUACHARACAS (COLOMBAIMA),Aeródromo,1A,Privado,EMPRESA GUACHARACAS,CCA. LTDA,4.7371,-74.8021
18,65,nan,7HF,GAVILAN DE LA PASCUA,Aeródromo,1A,Público,RESGUARDO INDIGENA ORIPGA,RES. INDIGENA ORIPGA,5.1166,-70.3806
19,95,nan,7HG,DOROTEA B1,Aeródromo,2A,Privado,NEW GRANADA ENERGY,NEW GRANADA ENERGY,5.5122,-71.0248
20,8,nan,7HH,HORIZONTES,Aeródromo,1A,Privado,DESARROLLOS METROPOLITANOS,DESARROLLOS METROPOLITANOS,7.0017,-73.1037
21,150,nan,7HJ,MACOLLA,Aeródromo,1A,Privado,GRAMERCY S.A.S.,AGROPECUARIA CACOLLA S.A.S.,4.7713,-72.0714
22,187,nan,7HK,MULETOS- CA,Aeródromo,UL,Privado,MULETOS S.A.S.,MULETOS S.A.S.,4.5549,-72.1753
23,27,nan,7HL,LA MAPORA,Aeródromo,1A,Privado,PAULA ANDREA CANO A.,PAULA ANDREA CANO,5.6459,-71.9887
24,44,nan,7HM,LLANO CAUCHO,Aeródromo,1A,Privado,AGROINDUSTRIALES DEL ORIENTE,AGROINVERSIONES DEL ORIENTE S.A.S,4.4355,-70.6954
25,127,nan,7HN,ARMENIA,Aeródromo,1A,Privado,LUIS JOSE CALA LOPEZ,LUIS JOSE CALA LOPEZ,5.787,-70.1835
26,123,nan,7HR,RANCHO COLIBRI - CA,Aeródromo,1A,Privado,HENRY D. F. ORTIZ SILVA,HENRY D. F. ORTIZ SILVA,4.4586,-76.1258
27,109,nan,7NP,EL CAIRANO,Aeródromo,UL,Privado,CARLOS E. GUERRERO,ENRIQUE MORALES NUÑEZ,10.7124,-75.2649
28,211,nan,7NR,NUEVA ROMA,Aeródromo,1A,Privado,JORGE SOLANO RECIO,JORGE SOLANO RECIO,9.968,-74.3303
29,115,nan,7NS,JAGUAR,Aeródromo,2B,Privado,CEPCOLSA,CEPCOLSA,4.2161,-72.0275
30,87,nan,7NT,OCELOTE,Aeródromo,2B,Privado,HOCOL S.A.,HOCOL S.A.,4.2751,-71.6123
31,112,nan,9AB,GETSEMANI,Aeródromo,1A,Público,MUNICIPIO,MUNICIPIO,6.1506,-70.0294
32,165,nan,9AD,URACA - CA.,Aeródromo,UL,Privado,NORA CARVAJALINO,ALAS DEL CARIBE,11.0062,-74.9224
33,62,nan,9AH,SAN ROQUE  - CA.,Aeródromo,UL,Privado,IRMA HERNANDEZ DE M.,JAKOB OLIVIER,4.0039,-76.2209
34,164,nan,9AJ,SAN LUIS DE PACA,Aeródromo,1A,Público,RESGUARDO INDIGENA,GOBERNACION DEL VAUPES,0.8744,-70.3464
35,33,nan,9AK,CANANARI,Aeródromo,1A,Público,RESGUARDO INDIGENA,GOBERNACION DEL VAUPES,0.545,-70.9286
36,134,nan,9AN,MARAREY,Aeródromo,1A,Privado,JULIAN VALENCIA I. Y OTROS,JULIAN VALENCIA I. Y OTROS,4.8281,-71.0808
37,151,nan,9AO,SANTA CLARA,Aeródromo,1A,Fumigación,ARMANDO SANCHEZ M.,TAES LTDA.,4.4172,-72.7744
38,82,nan,9AR,SAN PABLO,Aeródromo,1A,Público,RESGUARDO INDIGENA,GOBERNACION DEL VAUPES,-0.7831,-70.3228
39,60,nan,9AT,COROCITO,Aeródromo,1A,Privado,AGROINVERSIONES COROCITO,AGROINVERSIONES COROCITO,3.9507,-72.2186
40,48,nan,9AU,LAS FURIAS,Aeródromo,1A,Fumigación,MAURICIO CALA PEREZ,SFA LTDA.,5.4039,-72.1228
41,100,nan,9AV,EL NOGAL,Aeródromo,1A,Fumigación,GLORIA L.TIUSO,AEROTEC LTDA.,3.9883,-73.2994
42,153,nan,9AX,SANTA CRUZ,Aeródromo,1A,Fumigación,JULIO STRAUCH D.,COMERCIALIZADORA ECO,4.1318,-73.1814
43,54,nan,9BA,CURUMANI,Aeródromo,2A,Fumigación,MUNICIPIO,FADELCE,9.2222,-73.5722
44,93,nan,9BB,SAN MIGUEL,Aeródromo,1A,Fumigación,ELIZABETH CRUZ BULLA,SAAC S.A.S,4.1069,-72.89
45,209,nan,9BC,CANTADELICIAS,Aeródromo,1A,Público,MUNICIPIO,MUNICIPIO,3.3873,-74.9338
46,20,nan,9BE,LAS VEGAS,Aeródromo,1A,Privado,ALEIDA JERONIMO NAVAS,ALEIDA JERONIMO NAVAS,6.0072,-71.2842
47,128,nan,9BF,LA FRANCIA,Aeródromo,1B,Privado,SOCIEDAD COLOMBIAN NATURAL RESOURCES,EL MISMO,9.6394,-73.5282
48,63,nan,9BI,SAN FELIPE,Aeródromo,1A,Privado,MARIA LUCILA REYES ORDOÑEZ,MARIA LUCILA REYES O.,5.1037,-71.8425
49,197,nan,9BK,JULIAN,Aeródromo,1A,Fumigación,HERNANDO JIMENEZ,ASAM LTDA,4.2711,-72.9869
50,5,nan,9BL,LOS HALCONES,Aeródromo,1A,Privado,DIEGO TORRES NUÑEZ,DIEGO TORRES NUÑEZ,3.9178,-76.3206
51,159,nan,9BN,EL SOÑADOR,Aeródromo,1A,Fumigación,GLORIA M. ALVIRA R.,CELTA LTDA.,5.2299,-72.4528
52,138,nan,9BP,EL CONCHAL - CA,Aeródromo,1A,Privado,ARMANDO ARAGON NAVIA,ARMANDO ARAGON NAVIA,3.7273,-76.3902
53,173,nan,9BR,SEVILLA,Aeródromo,1A,Privado,HELI CALA LOPEZ,HELI CALA LOPEZ,5.9234,-71.7139
54,73,nan,9BT,ASA SAN MARTIN,Aeródromo,1A,Fumigación,ASA S EN C,ASA S. EN C.,11.2889,-73.1756
55,70,nan,9BW,LA FAZENDA,Aeródromo,2B,Fumigación,ALIAR S.A.,ALIAR S.A.,4.3263,-72.2208
56,98,nan,9BX,LA ESTRELLA-CA.,Aeródromo,UL,Privado,CLUB LA LIBELULA,CLUB LA LIBELULA,3.4802,-73.3276
57,167,nan,9CA,LAS AGUILAS -CA,Aeródromo,1A,Privado,SERESTEL S.A.,CLUB DEPORT.LAS AGUILAS,3.5134,-76.4931
58,0,nan,9CB,CAMARUCOS,Aeródromo,1A,Público,ALCALDIA,ALCALDIA,5.8754,-70.6583
59,23,nan,9CC,EL TOTUMO,Aeródromo,1A,Público,MUNICIPIO,MUNICIPIO,5.9387,-71.2217
60,64,nan,9CD,VARSOVIA,Aeródromo,1A,Público,MUNICIPIO,MUNICIPIO,5.849,-70.3648
61,49,nan,9CE,LA HERMOSA,Aeródromo,1A,Público,MUNICIPIO,MUNICIPIO,5.5307,-70.4497
62,170,nan,9CF,SAN ESTEBAN,Aeródromo,1A,Público,MUNICIPIO,MUNICIPIO,5.4441,-70.8352
63,16,nan,9CG,SAN JOSE DEL ARIPORO,Aeródromo,1A,Público,MUNICIPIO,MUNICIPIO,6.0475,-70.0128
64,193,nan,9CH,COLINERAS,Aeródromo,1A,Público,MUNICIPIO,MUNICIPIO,6.0713,-70.3678
65,117,nan,9CI,LA CAIMANA,Aeródromo,1A,Público,MUNICIPIO,MUNICIPIO,6.052,-70.8134
66,75,nan,9CJ,EMAUS,Aeródromo,1A,Privado,LUIS F. CASTILLO SANTOS,LUIS F. CASTILLO SANTOS,5.1483,-71.0453
67,144,nan,9CK,SANTA MARIA DEL CAFÉ,Aeródromo,1A,Público,MUNICIPIO,EL MISMO,6.1111,-70.9888
68,180,nan,9CL,LA VENTUROSA,Aeródromo,1A,Público,MUNICIPIO,EL MISMO,5.2388,-71.3035
69,17,nan,9CM,MIRAMAR DE GUANAPALO,Aeródromo,1A,Público,MUNICIPIO,EL MISMO,5.0541,-71.0012
70,131,nan,9CP,LA SALVACION,Aeródromo,1A,Público,ALCALDIA,ALCALDIA,5.9988,-70.6316
71,2,nan,9CQ,LOMA GRANDE - CA,Aeródromo,UL,Privado,O.V. OROZCO Y CIA. S.C.A.,EL MISMO,8.2937,-75.1176
72,106,nan,9CR,EL CAPRICHO,Aeródromo,1A,Privado,JORGE E. SALAZAR B.,EL MISMO,4.2018,-72.1632
73,77,nan,9CU,COROCORA,Aeródromo,1A,Privado,DORA AVELLA VDA.DE PAN,PERENCO COLOMBIA LIMITED,5.3751,-70.969
74,126,nan,9CZ,GRISMANIA,Aeródromo,1A,Fumigación,LUZ MARINA VARGAS,SFA LTDA.,4.989,-72.5099
75,129,nan,9DB,PALMAS DE TUMACO  -CA,Aeródromo,UL,Privado,PALMAS DE TUMACO S.A.,PALMAS DE TUMACO S.A.,1.496,-78.765
76,66,nan,9DC,INGENIO LA CARMELITA,Aeródromo,1A,Fumigación,SOCIEDAD GARRIDO,ING. LA CARMELITA,4.0727,-76.316
77,84,nan,9DG,EL LAGO - CA,Aeródromo,UL,Privado,BERNEY RODRIGUEZ,OSMANI RODRIGUEZ CARDOZO,4.5575,-74.9003
78,1,nan,9DH,HACIENDA LA JOYA,Aeródromo,1A,Privado,TRIPENTA S.A.,AGROTEMPO LTDA.,9.6179,-74.8367
79,92,nan,9DI,SAN FELIPE,Aeródromo,1A,Público,GOBERNACION,GOBERNACION,1.915,-67.0776
80,192,nan,9DL,LA PASTORA,Aeródromo,1A,Fumigación,SAO E.U,SAO E.U.,6.798,-70.9777
81,183,nan,9DO,TALANQUERA,Aeródromo,1A,Fumigación,FERNANDO TOVAR TAMAYO,COMERCIALIZADORA ECO,4.141,-73.032
82,124,nan,9LG,VILLA GEORGINA,Aeródromo,1A,Fumigación,SANTIAGO PULIDO NIÑO,COMERCIALIZAD. ECO,4.3625,-74.3214
83,147,nan,9LH,INGENIO PICHICHI,Aeródromo,1A,Fumigación,INGENIO PICHICHI S.A.,INGENIO PICHICHI,3.5347,-76.1653
84,195,nan,9LI,SAN SEBASTIAN,Aeródromo,1A,Fumigación,NELLY ZARATE,AEROTEC LTDA.,4.3356,-72.7803
85,185,nan,9LJ,EL COROZO,Aeródromo,1A,Fumigación,NEBIO ECHEVERRY,FUMIVILLA,6.9136,-70.8562
86,108,nan,9LK,HATO VIEJO,Aeródromo,1A,Fumigación,COMERCIALIZADORA EL PROVEEDOR LTDA.,FUMIVILLA,6.8964,-70.7791
87,79,nan,9LN,GUADUALITO,Aeródromo,1A,Fumigación,CUPERTINO CUEVAS D.,SANAR S.A.,5.4593,-71.912
88,37,nan,9LP,LA REDENCION,Aeródromo,1A,Privado,MARIA DEL S. MONTOYA,FRANCISCO H. MARTINEZ,5.6618,-71.8088
89,176,nan,9LQ,LA PONDEROSA,Aeródromo,2A,Privado,MONICA COLOMBIA LTDA.,MONICA COLOMBIA LTDA,4.6316,-71.2141
90,179,nan,9LR,LOS REMANSOS,Aeródromo,1A,Fumigación,NELLY VALENCIA,AEROPENORT LTDA.,6.5729,-74.2195
91,155,nan,9LS,SAN LUIS,Aeródromo,1A,Fumigación,CRIAGAN S.A.,AEROPENORT LTDA.,7.6382,-73.4381
92,94,nan,9LT,LOS GAVANES (LA MATA),Aeródromo,1A,Fumigación,FUMIGAR,FUMIVILLA,7.0093,-70.7743
93,78,nan,9LU,EL RODEO,Aeródromo,1A,Fumigación,JEREMIAS VACA RIAÑO,ASAM LTDA.,4.5772,-72.6914
94,103,nan,9LW,EL PALMAR,Aeródromo,1A,Fumigación,MAURICIO MEDINA NIÑO,FIBA S.A.,5.396,-71.9116
95,162,nan,9LX,LA GAITANA,Aeródromo,1A,Fumigación,P.VICENTE PERALES,FACOL LTDA.,4.2253,-73.0298
96,160,nan,9LY,SAN ISIDRO II,Aeródromo,1A,Fumigación,MARIA A PACHE OCHOA,MARIA A. PACHECO O.,4.1585,-73.3408
97,6,nan,9MA,EL DELIRIO,Aeródromo,1A,Fumigación,CARMEN A. CABEZAS PEREZ,FUMIVILLA,6.9831,-70.882
98,149,nan,9MC,LA MONICA,Aeródromo,1A,Fumigación,MAURICIO TORRES CUBIDES,ASAM LTDA.,4.6856,-72.6005
99,96,nan,9MD,LA ABEJITA,Aeródromo,1A,Fumigación,JOSE A. VARGAS P.,AGIL LTDA.,5.0095,-72.3234
100,114,nan,9ME,CACHIMBALITO - CA,Aeródromo,1A,Fumigación,INCAUCA,INCAUCA.S.A. - ASOCAÑA,3.1653,-76.4738
101,181,nan,9MG,MADREVIEJA,Aeródromo,1A,Fumigación,CELMIRA BARRAGAN F.,CELMIRA BARRAGAN F.,5.4623,-71.9584
102,12,nan,9MH,SAN JUAN,Aeródromo,1A,Fumigación,RODOLFO MENDEZ,MARIA A. PACHECO O.,3.7017,-73.3774
103,91,nan,9MI,LA FORTUNA,Aeródromo,1A,Fumigación,SAAC S.A.S,SAAC S.A.S,4.1028,-72.978
104,104,nan,9MJ,AGROFORESTAL MATA AZUL,Aeródromo,1A,Privado,nan,RIOPAILA CASTILLA S.A.,5.2897,-70.6337
105,41,nan,9MK,VILLA ISABELLA,Aeródromo,1A,Fumigación,RAFAEL QUESADA,TAES LTDA.,5.2993,-71.3434
106,207,nan,9ML,MIRADOR,Aeródromo,1A,Fumigación,ANGELICA VEGA,TAES LTDA.,5.4326,-71.6009
107,161,nan,9MM,EL CARIBE,Aeródromo,1A,Fumigación,REGULO GAMA OJEDA,FARO LTDA.,5.7198,-71.4963
108,146,nan,9MN,EL PEDRAL BONANZA,Aeródromo,1A,Fumigación,nan,AEROPENORT LTDA.,7.2417,-73.8151
109,168,nan,9MO,SAN NICOLAS,Aeródromo,1A,Fumigación,CARLOS E. CONTRERAS,ASAM LTDA.,4.4703,-72.4575
110,35,nan,9MP,LOS LOBOS,Aeródromo,1A,Fumigación,AGROVIMART S.A.,AGIL LTDA.,4.4748,-72.7478
111,141,nan,9MQ,EL RASTRO,Aeródromo,1A,Fumigación,EL RASTRO 1 S.A.S.,EL RASTRO  1 S.A.S,4.7022,-70.8617
112,163,nan,9MR,LOS GANSOS,Aeródromo,1A,Fumigación,LOS GANSOS 1 S.A.S.,LOS GANSOS 1 S.AS.,4.6764,-70.9997
113,210,nan,9MS,BETANIA,Aeródromo,1A,Fumigación,DIOSELINO ACOSTA,SAO E.U.,5.5319,-71.6812
114,88,nan,9MT,AGUAS CLARAS,Aeródromo,1A,Fumigación,EDGAR MEZA ORTIZ,EDGAR MEZA ORTIZ,7.2731,-73.5626
115,34,nan,9MW,LAS NUBES,Aeródromo,1A,Fumigación,AGMO NUBES INVER.S.A.S,AGMO NUBES INVERSIONES,4.2563,-71.7977
116,135,nan,A01,CAMPO ALEGRE,Aeródromo,1A,Público,GOBERNACION,GOBERNACION,1.8653,-69.0101
117,28,nan,A02,CAÑO COLORADO,Aeródromo,1C,Público,GOBERNACION,GOBERNACION,2.2774,-68.3599
118,107,nan,A03,FORTUL,Aeródromo,1A,Público,GOBERNACION,MUNICIPIO,6.7817,-71.7791
119,139,nan,ABT,AGUA BLANCA,Aeródromo,1A,Fumigación,SOCIEDAD CULTIVOS SAN JOSE,CRUZ VERDE,4.4656,-74.9948
120,50,ACD,ACD,ALCIDES FERNANDEZ,Regional,3A,Público,INCORA LTDA,MUNICIPIO,8.4969,-77.2739
121,39,nan,ACI,EL MONASTERIO,Aeródromo,1A,Fumigación,EFA LTDA.,EFA LTDA.,3.9587,-73.4425
122,19,ACL,ACL,AGUACLARA,Aeródromo,1C,Público,CORREGIMIENTO,CORREGIMIENTO,4.7333,-73.0583
123,56,nan,ACP,ACAPULCO,Aeródromo,1A,Fumigación,YOLANDA CAMACHO V.,MARIA A. PACHECO OCHOA,5.4086,-71.8694
124,67,ACR,ACR,ARARACUARA,Regional,3C,Público,GOBERNACION,GOBERNACION,-0.6008,-72.3981
125,24,ADZ,ADZ,GUSTAVO ROJAS PINILLA,Internacional,4D,Aerocivil,AEROCIVIL,AEROCIVIL,12.5837,-81.7113
126,203,nan,AER,AEROFLANDES - C.A.,Aeródromo,UL,Privado,AEROFLANDES,CLUB.ULTR-LA LIBELULA,4.2171,-74.8454
127,199,AFI,AFI,EL RIO,Aeródromo,2A,Aerocivil,AEROCIVIL,AEROCIVIL,6.8954,-75.0475
128,32,nan,AGB,AGUA BLANCA,Aeródromo,1A,Fumigación,FARCA S.A. - COMODATO,SANIDAD VEGETAL CRUZ,4.1839,-74.8931
129,204,nan,AGH,HACARITAMA,Aeródromo,2C,Aerocivil,AEROCIVIL,AEROCIVIL,8.2473,-73.5821
130,36,nan,AGU,MARIA ANGELICA,Aeródromo,1A,Fumigación,GERMAN ERAZO,CELTA LTDA.,5.0546,-72.4471
131,166,nan,ALV,EL DIAMANTE,Aeródromo,1A,Fumigación,ELIAS ACOSTA Y CIA LTDA,CRUZ VERDE,4.5694,-74.9337
132,99,APO,APO,ANTONIO ROLDAN BETANCOURT,Nacional,4C,Aerocivil,AEROCIVIL,EN CONCESION- SOACN(Sociedad Operadora de Aeropuertos Centro Norte,7.8118,-76.7164
133,120,ARO,ARO,ARBOLETES,Aeródromo,2B,Público,MUNICIPIO,MUNICIPIO,8.8394,-76.43
134,85,ARQ,ARQ,EL TRONCAL,Aeródromo,2C,Aerocivil,AEROCIVIL,AEROCIVIL,7.0211,-71.3889
135,182,nan,ATC,ATACO,Aeródromo,2A,Público,MUNICIPIO,MUNICIPIO,3.5837,-75.3891
136,7,AUC,AUC,SANTIAGO PEREZ QUIROZ,Nacional,4C,Aerocivil,AEROCIVIL,AEROCIVIL,7.0689,-70.737
137,105,nan,AUR,EL CORAJE,Aeródromo,1A,Privado,CAMAGUEY S.A.,CAMAGUEY S.A.,10.0247,-74.067
138,97,nan,BAL,INGENIO RISARALDA,Aeródromo,1A,Fumigación,INGENIO RISARALDA,ING.RISARALDA-ASOCAÑA,4.8948,-75.9044
139,142,nan,BAN,BANCO LARGO,Aeródromo,1A,Fumigación,JAVIER CHINCHILLA MUNAR,SFA- LTDA,5.4631,-72.0631
140,201,nan,BAR,GUAICARAMO,Aeródromo,1A,Fumigación,GUAICARAMO S.A.,GUAICARAMO S.A.,4.4605,-72.9509
141,61,nan,BBA,PIZARRO,Aeródromo,1A,Público,MUNICIPIO,MUNICIPIO,4.9608,-77.3633
142,76,nan,BEC,BECERRIL,Aeródromo,3B,Fumigación,MUNICIPIO,FUMILLANOS,9.6628,-73.2744
143,133,nan,BIC,BERASTEGUI,Aeródromo,0B,Aerocivil,AEROCIVIL,AEROCIVIL,8.8845,-75.6835
144,136,nan,BIZ,BIZERTA,Aeródromo,1A,Fumigación,CELMIRA BARRAGAN F.,FUMIVILLA LTDA,5.4225,-71.9936
145,86,nan,BMG,BARRANCO MINAS,Aeródromo,1A,Público,GOBERNACION,DEPARTAMENTO,3.4907,-69.8097
146,45,nan,BNI,BOLUGA,Aeródromo,1A,Fumigación,MARGOT URIBE DE SAMPER Y CIA,CRUZ VERDE,4.6903,-74.8894
147,110,nan,BNO,BUENOS AIRES,Aeródromo,1A,Privado,AGRICOLA BUFALERA DE COLOMBIA,EL MISMO,7.462,-73.7464
148,14,nan,BNP,BUENOS AIRES -FADELCE,Aeródromo,2A,Fumigación,FADELCE LTDA,FADELCE LTDA,9.02,-73.6725
149,89,BOG,BOG,EL DORADO,Internacional,4E,Aerocivil,AEROCIVIL,EN CONCESION CODAD,4.7017,-74.1469
150,184,BUN,BUN,BUENAVENTURA-GERARDO TOBAR LOPEZ,Nacional,2C,Aerocivil,AEROCIVIL,AEROCIVIL,3.8196,-76.9899
151,191,CIM,CIM,GUSTAVO ROJAS PINILLA,Aeródromo,3C,Aerocivil,AEROCIVIL,AEROCIVIL,6.3674,-73.9706
152,72,CLO,CLO,ALFONSO BONILLA ARAGON,Internacional,4E,Aerocivil,AEROCIVIL,CONCESION AEROCALI S.A.,3.5431,-76.3817
153,119,COG,COG,CONDOTO MANDINGA,Regional,2C,Aerocivil,AEROCIVIL,AEROCIVIL,5.072,-76.6766
154,26,CPL,CPL,NAVAS PARDO,Aeródromo,2C,Aerocivil,AEROCIVIL,AEROCIVIL,3.7238,-75.4654
155,132,CTG,CTG,RAFAEL NUÑEZ,Internacional,4D,Aerocivil,AEROCIVIL,CONCESION-SACSA,10.442,-75.5123
156,40,CUC,CUC,CAMILO DAZA No.2,Internacional,4A,Aerocivil,AEROCIVIL,AEROCIVIL -ORIENTE S.A.S.,7.9274,-72.5116
157,4,CZU,CZU,LAS BRUJAS,Regional,3C,Aerocivil,AEROCIVIL,EN CONCESION-SOACN(Sociedad Operadora de Aeropuertos Centro Norte,9.3325,-75.2853
158,74,EJA,EJA,YARIGUIES,Nacional,3C,Aerocivil,AEROCIVIL,AEROCIVIL -ORIENTE S.A.S.,7.0244,-73.8068
159,137,nan,EJU,EL JUNCAL,Aeródromo,1A,Fumigación,ASOJUNCAL,SANIDAD VEGETAL CRUZ VERDE,2.8471,-75.3133
160,25,ELB,ELB,LAS FLORES,Aeródromo,3B,Aerocivil,AEROCIVIL,AEROCIVIL,9.0428,-73.9715
161,158,EYP,EYP,EL ALCARAVAN,Nacional,3C,Aerocivil,AEROCIVIL,AEROCIVIL,5.3191,-72.3842
162,200,FLA,FLA,GUSTAVO ARTUNDUAGA PAREDES,Nacional,3C,Aerocivil,AEROCIVIL,AEROCIVIL,1.589,-75.5643
163,145,GPI,GPI,JUAN CASIANO,Regional,3C,Aerocivil,AEROCIVIL,AEROCIVIL,2.57,-77.898
164,81,nan,GYM,FLAMINIO S. CAMACHO,Aeródromo,2B,Aerocivil,AEROCIVIL,AEROCIVIL,4.8125,-74.0651
165,148,HTZ,HTZ,HATO COROZAL,Aeródromo,2C,Aerocivil,AEROCIVIL,AEROCIVIL,6.1535,-71.7616
166,42,IBE,IBE,PERALES,Nacional,3C,Aerocivil,AEROCIVIL,AEROCIVIL,4.4217,-75.1336
167,55,IGO,IGO,JAIME ORTIZ BETANCUR,Aeródromo,1A,Público,MUNICIPIO,MUNICIPIO,7.6772,-76.683
168,175,IPI,IPI,SAN LUIS,Internacional,3C,Aerocivil,AEROCIVIL,AEROCIVIL,0.8619,-77.6718
169,202,MFS,MFS,MIRAFLORES,Aeródromo,3B,Público,MUNICIPIO,MUNICIPIO,1.3377,-71.9507
170,68,MGN,MGN,BARACOA,Aeródromo,2B,Aerocivil,AEROCIVIL,AEROCIVIL,9.2849,-74.8465
171,130,MVP,MMP,SAN BERNARDO,Aeródromo,2A,Aerocivil,AEROCIVIL,AEROCIVIL,9.2583,-74.4383
172,102,MQU,MQU,JOSE CELESTINO,Regional,2A,Aerocivil,AEROCIVIL,AEROCIVIL,5.2126,-74.8837
173,206,MTB,MTB,EL PINDO,Regional,2C,Aerocivil,AEROCIVIL,AEROCIVIL,7.9733,-75.4413
174,122,MTR,MTR,LOS GARZONES,Nacional,4C,Aerocivil,AEROCIVIL,EN CONCESION-SOACN(Sociedad Operadora de Aeropuertos Centro Norte,8.8239,-75.8261
175,18,MVP,MVP,FABIO A. LEON BENTLEY,Regional,3C,Aerocivil,MUNICIPIO,AEROCIVIL,1.2535,-70.2341
176,47,NQU,NQU,REYES MURILLO,Regional,1A,Aerocivil,AEROCIVIL,AEROCIVIL,5.712,-77.2627
177,22,NVA,NVA,BENITO SALAS,Internacional,3C,Aerocivil,AEROCIVIL,AEROCIVIL,2.9499,-75.2941
178,190,OCV,OCV,AGUAS CLARAS,Regional,2C,Aerocivil,AEROCIVIL,AEROCIVIL,8.3156,-73.3583
179,30,nan,ORU,EL MEDANO,Aeródromo,1A,Privado,ALBERTO MENDOZA Y OTRO,EL MISMO,4.7621,-71.7184
180,80,OTU,OTU,REMEDIOS OTU,Regional,1A,Aerocivil,AEROCIVIL,AEROCIVIL,7.0106,-74.7156
181,53,PCR,PCR,GERMAN OLANO,Regional,3C,Aerocivil,MUNICIPIO,AEROCIVIL,6.185,-67.4925
182,188,RON,PIP,PAIPA JUAN JOSE RONDON,Aeródromo,3C,Aerocivil,AEROCIVIL,AEROCIVIL,5.7644,-73.1057
183,57,PLT,PLT,LAS FLORES,Aeródromo,2A,Aerocivil,AEROCIVIL,AEROCIVIL,9.7985,-74.7831
184,208,PPN,PPN,GUILLERMO LEON VALENCIA,Nacional,4C,Aerocivil,AEROCIVIL,AEROCIVIL,2.4542,-76.6099
185,178,PSO,PSO,ANTONIO NARIÑO,Nacional,4C,Aerocivil,AEROCIVIL,AEROCIVIL,1.3964,-77.291
186,143,PTX,PTL,CONTADOR,Regional,2B,Aerocivil,AEROCIVIL,AEROCIVIL,1.8573,-76.0856
187,9,nan,PTW,GEMELOS DORADOS,Aeródromo,1A,Privado,MILTON A. SALAZAR REY,EL MISMO,7.2466,-73.7723
188,29,PUU,PUU,TRES DE MAYO,Nacional,3C,Aerocivil,AEROCIVIL,AEROCIVIL,0.5054,-76.5008
189,83,PVA,PVA,EL EMBRUJO,Nacional,2B,Aerocivil,AEROCIVIL,AEROCIVIL,13.3572,-81.3579
190,186,PZA,PZA,PAZ DE ARIPORO,Aeródromo,2B,Aerocivil,AEROCIVIL,AEROCIVIL,5.8819,-71.883
191,169,RAV,RAV,CRAVO NORTE,Aeródromo,3C,Aerocivil,AEROCIVIL,AEROCIVIL,6.3167,-70.2111
192,111,RCH,RCH,ALMIRANTE PADILLA,Internacional,4C,Aerocivil,MUNICIPIO,AEROCIVIL -ORIENTE S.A.S.,11.5262,-72.9267
193,212,RVE,RVE,COLONIZADORES,Regional,3C,Aerocivil,ECOPETROL,AEROCIVIL,6.9504,-71.8562
194,140,SMR,SMR,SIMON BOLIVAR,Internacional,3C,Aerocivil,AEROCIVIL,AEROCIVIL -ORIENTE S.A.S.,11.1197,-74.2473
195,58,nan,SNR,SAN MARTIN,Regional,1A,Aerocivil,AEROCIVIL,AEROCIVIL,3.7023,-73.6881
196,196,SVI,SVI,EDUARDO FALLA SOLANO,Regional,3C,Aerocivil,AEROCIVIL,AEROCIVIL,2.1522,-74.7663
197,43,nan,TCO,LA FLORIDA,Nacional,3C,Aerocivil,AEROCIVIL,AEROCIVIL,1.8144,-78.749
198,51,TDA,TDA,TRINIDAD,Aeródromo,2A,Aerocivil,AEROCIVIL,AEROCIVIL,5.4349,-71.6584
199,125,TLU,TLU,TOLU,Regional,2A,Aerocivil,AEROCIVIL,AEROCIVIL,9.5095,-75.5859
200,198,TME,TME,GUSTAVO VARGAS,Regional,4C,Aerocivil,AEROCIVIL,AEROCIVIL,6.451,-71.7601
201,118,TTM,TTM,TABLON DE TAMARA,Aeródromo,2C,Aerocivil,AEROCIVIL,AEROCIVIL,5.7267,-72.1006
202,101,UIB,UIB,EL CARAÑO,Nacional,3C,Aerocivil,AEROCIVIL,EN CONCESION-SOACN(Sociedad Operadora de Aeropuertos Centro Norte,5.6908,-76.6412
203,205,URR,URR,ALI PIEDRAHITA,Regional,2A,Aerocivil,AEROCIVIL,AEROCIVIL,6.3273,-76.1409
204,59,VGZ,VGP,CANANGUCHAL,Regional,3B,Aerocivil,AEROCIVIL,AEROCIVIL,0.9785,-76.6064
205,21,VUP,VUP,ALFONSO LOPEZ PUMAREJO,Nacional,4C,Aerocivil,AEROCIVIL,AEROCIVIL -ORIENTE S.A.S.,10.4351,-73.2494
206,154,VVC,VVC,VANGUARDIA,Nacional,3C,Aerocivil,AEROCIVIL,AEROCIVIL,4.1684,-73.6147
207,3,nan,VVU,SANTA ISABEL,Aeródromo,1A,Fumigación,EFA LTDA.,EFA LTDA.,3.9873,-73.2091
208,46,nan,YAP,YAPIMA,Aeródromo,1A,Público,RESGUARDO INDIGENA,GOBERNACION DEL VAUPES,1.0825,-69.4914
209,172,nan,YOP,TROMPILLOS,Aeródromo,1A,Fumigación,ALEXANDER RIVERA,CELTA LTDA.,5.0932,-72.1807
210,194,nan,YPP,GERMAN ALBERTO,Aeródromo,1A,Fumigación,JOSE NELSON PEREZ R.,CELTA LTDA.,5.1875,-72.3191
211,157,AZT,ZPS,GUILLERMO GOMEZ ORTIZ,Aeródromo,1A,Público,MUNICIPIO,MUNICIPIO,6.7674,-73.2846
