,empresa
0,AER CARIBE LIMITADA
1,AERO APOYO
2,AERO TAXI GUAYMARAL ATG S.A.S
3,AEROCHARTER ANDINA S.A.S.
4,AEROCOL S.A.S
5,AEROEJECUTIVOS DE ANTIOQUIA S.A.
6,AEROEXPRESO DEL PACIFICO S.A.
7,AEROGALAN
8,AEROLINEA DE ANTIOQUIA S.A.
9,AEROLINEAS ALAS DE COLOMBIA LTDA.
10,AEROLINEAS LLANERAS ARALL LTDA.
11,AEROMEL LTDA
12,AEROMENEGUA
13,AEROREPUBLICA
14,AEROSUCRE
15,AERUPIA SAS
16,AIR COLOMBIA
17,AIR SIGNATURE S.A.S
18,AIRES
19,ALIANSA
20,ALLAS S.A.S
21,ALPES S.A.S
22,AMERICAÂ´S AIR SAS
23,ARKAS S.A.
24,ARO LTDA
25,AVIANCA
26,AVIOCESAR
27,AVIOICHARTER LIMITADA
28,C.V. CARGO
29,CENTRAL CHARTER
30,CENTURION AIR CARGO COLOMBIA
31,CHARTER DEL CARIBE S.A.
32,CHARTER EXPRESS SAS
33,CONDOR
34,EASYFLY S.A
35,FAST COLOMBIA SAS
36,HELI JET SAS
37,HELICOL
38,HELIFLY
39,HELIGOLFO S.A.S
40,HELISTAR S.A.S
41,INTEREJECUTIVA
42,LANS S.A.S
43,LAS
44,LASER AEREO S.A.S
45,LLANERA DE AVIACION
46,LÃNEA AÃ‰REA CARGUERA DE COLOMBIA S.A.
47,NACIONAL DE AVIACION S.A.S
48,NO FIGURA
49,PACIFICA DE AVIACION S.A.S
50,PETROLEUM
51,RIO SUR
52,SADELCA
53,SAER
54,SAM
55,SARPA S.A.S
56,SAVIARE LTDA
57,SEARCA S.A.
58,SELVA
59,SERVICIO AEREO A TERRITORIOS NACIONALES SATENA
60,SOLAIR S.A.S
61,TAC
62,TACA S.A.S
63,TAERCO
64,TAMPA CARGO S.A.
65,TARI
66,TAXCO
67,TAXCO S.A.S
68,TAXI AEREO CUSIANA LTDA
69,VERTICAL DE AVIACION S A S
70,VIAS AEREAS NACIONALES VIANA S.A.S.
