,_c0,c0,sigla,iata,nombre,municipio,departamento,categoria,latitud,longitud,propietario,explotador,longitud_pista,ancho_pista,pbmo,elevacion,resolucion,fecha_construccion,fecha_vigencia,clase,tipo,numero_vuelos_origen,gcd_departamento,gcd_municipio,id_aeropuerto
0,0,148,9LJ,nan,EL COROZO,Arauca,Arauca,Aeródromo,6.9136,-70.8562,NEBIO ECHEVERRY,FUMIVILLA,750,10,2000,416,"2,141,000",16/05/2013,nan,1A,Fumigación,226984,81,81001,
1,1,243,ATC,nan,ATACO,Ataco,Tolima,Aeródromo,3.5837,-75.3891,MUNICIPIO,MUNICIPIO,800,15,4000,1519,"156,000",23/07/1957,nan,2A,Público,1,73,73067,
2,2,858,YOP,nan,TROMPILLOS,Yopal,Casanare,Aeródromo,5.0932,-72.1807,ALEXANDER RIVERA,CELTA LTDA.,800,15,2000,623,"4,736,000",14/12/2017,nan,1A,Fumigación,37973,85,85001,
3,3,85,9AV,nan,EL NOGAL,Villavicencio,Meta,Aeródromo,3.9883,-73.2994,GLORIA L.TIUSO,AEROTEC LTDA.,610,10,2000,817,"4,739,000",29/08/2012,nan,1A,Fumigación,226984,50,50001,
4,4,251,BAN,nan,BANCO LARGO,Nunchía,Casanare,Aeródromo,5.4631,-72.0631,JAVIER CHINCHILLA MUNAR,SFA- LTDA,840,10,2000,692,"7,056,000",7/12/2012,nan,1A,Fumigación,226984,85,85225,
5,5,65,7NS,nan,JAGUAR,Puerto Gaitán,Meta,Aeródromo,4.2161,-72.0275,CEPCOLSA,CEPCOLSA,1200,23,5414,650,"4,940,000",6/09/2012,10/10/2015,2B,Privado,980,50,50568,
6,6,255,BBA,nan,PIZARRO,Bajo Baudó,Chocó,Aeródromo,4.9608,-77.3633,MUNICIPIO,MUNICIPIO,1000,10,5414,10,"6,365,000",30/12/2008,nan,1A,Público,4944,27,27077,
7,7,673,PLT,PLT,LAS FLORES,Plato,Magdalena,Aeródromo,9.7985,-74.7831,AEROCIVIL,AEROCIVIL,1067,20,3500,86,"876,000",8/03/1968,nan,2A,Aerocivil,298,47,47555,
8,8,857,YAP,nan,YAPIMA,Mitú,Vaupés,Aeródromo,1.0825,-69.4914,RESGUARDO INDIGENA,GOBERNACION DEL VAUPES,500,15,2300,600,"3,423,000",16/09/1997,nan,1A,Público,2,97,97001,
9,9,155,9LR,nan,LOS REMANSOS,Cimitarra,Santander,Aeródromo,6.5729,-74.2195,NELLY VALENCIA,AEROPENORT LTDA.,700,10,3000,357,"4,373,000",31/10/2018,14/12/2016,1A,Fumigación,244511,68,68190,
10,10,34,7HG,nan,DOROTEA B1,Paz de Ariporo,Casanare,Aeródromo,5.5122,-71.0248,NEW GRANADA ENERGY,NEW GRANADA ENERGY,1000,18,5414,404,"2,362,000",27/05/2013,nan,2A,Privado,1029,85,85250,
11,11,101,9BP,nan,EL CONCHAL - CA,El Cerrito,Valle del Cauca,Aeródromo,3.7273,-76.3902,ARMANDO ARAGON NAVIA,ARMANDO ARAGON NAVIA,200,10,400,3139,"326,000",7/02/2013,1/04/2016,1A,Privado,226984,76,76248,
12,12,115,9CG,nan,SAN JOSE DEL ARIPORO,Paz de Ariporo,Casanare,Aeródromo,6.0475,-70.0128,MUNICIPIO,MUNICIPIO,570,15,2000,318,"4,541,000",27/10/2007,26/11/2018,1A,Público,917463,85,85250,
13,13,81,9AR,nan,SAN PABLO,Mitú,Vaupés,Aeródromo,-0.7831,-70.3228,RESGUARDO INDIGENA,GOBERNACION DEL VAUPES,510,10,1650,550,"3,423,000",16/09/1997,nan,1A,Público,86,97,97001,
14,14,28,7HA,nan,EL CONDOR,Flandes,Tolima,Aeródromo,4.2595,-74.8308,AEROTURBO DE COLOMBIA,LUIS FDO. BARRETO CAVIEDES,280,10,500,992,"5,730,000",9/10/2012,3/12/2015,UL,Privado,226984,73,73275,
15,15,183,9MT,nan,AGUAS CLARAS,Sabana de Torres,Santander,Aeródromo,7.2731,-73.5626,EDGAR MEZA ORTIZ,EDGAR MEZA ORTIZ,800,10,2500,652,"1,681,000",25/10/2014,nan,1A,Fumigación,73037,68,68655,
16,16,210,ACR,ACR,ARARACUARA,Solano,Caquetá,Regional,-0.6008,-72.3981,GOBERNACION,GOBERNACION,1300,30,27000,800,"31,000",9/03/2008,nan,3C,Público,447787,18,18756,
17,17,787,SVI,SVI,EDUARDO FALLA SOLANO,San Vicente del Caguán,Caquetá,Regional,2.1522,-74.7663,AEROCIVIL,AEROCIVIL,1500,26,5414,875,"141,000",2/02/1987,nan,3C,Aerocivil,5161,18,18753,
18,18,76,9AK,nan,CANANARI,Mitú,Vaupés,Aeródromo,0.545,-70.9286,RESGUARDO INDIGENA,GOBERNACION DEL VAUPES,420,20,1650,780,"3,423,000",16/09/1997,nan,1A,Público,126,97,97001,
19,19,159,9LW,nan,EL PALMAR,Nunchía,Casanare,Aeródromo,5.396,-71.9116,MAURICIO MEDINA NIÑO,FIBA S.A.,700,10,3000,629,"472,000",13/02/2013,nan,1A,Fumigación,5,85,85225,
20,20,271,BNO,nan,BUENOS AIRES,Puerto Wilches,Santander,Aeródromo,7.462,-73.7464,AGRICOLA BUFALERA DE COLOMBIA,EL MISMO,1060,18,3500,229,"7,239,000",19/12/2012,nan,1A,Privado,26,68,68575,
21,21,253,BAR,nan,GUAICARAMO,Barranca de Upía,Meta,Aeródromo,4.4605,-72.9509,GUAICARAMO S.A.,GUAICARAMO S.A.,800,18,5500,649,"7,236,000",27/12/2013,nan,1A,Fumigación,17,50,50110,
22,22,12,7GF,nan,LA UNION,Paz de Ariporo,Casanare,Aeródromo,5.6283,-70.7032,MARTHA Y. VARGAS DE R.,GEOPARK CUERVA,640,18,3500,335,"2,136,000",27/08/2014,nan,1A,Privado,830938,85,85250,
23,23,223,AGU,nan,MARIA ANGELICA,Aguazul,Casanare,Aeródromo,5.0546,-72.4471,GERMAN ERAZO,CELTA LTDA.,800,15,2000,720,"4,736,000",6/09/2013,nan,1A,Fumigación,5,85,85010,
24,24,860,YPP,nan,GERMAN ALBERTO,Yopal,Casanare,Aeródromo,5.1875,-72.3191,JOSE NELSON PEREZ R.,CELTA LTDA.,800,15,2000,735,"4,511,000",25/11/2018,10/11/2018,1A,Fumigación,45537,85,85001,
25,25,548,MFS,MFS,MIRAFLORES,Miraflores,Guaviare,Aeródromo,1.3377,-71.9507,MUNICIPIO,MUNICIPIO,1320,25,25000,730,"21,000",30/01/1957,nan,3B,Público,4188,95,95200,
26,26,822,UIB,UIB,EL CARAÑO,Quibdó,Chocó,Nacional,5.6908,-76.6412,AEROCIVIL,EN CONCESION-SOACN(Sociedad Operadora de Aeropuertos Centro Norte,1300,30,63196,192,"522,000",17/12/2010,nan,3C,Aerocivil,141894,27,27001,
27,27,128,9CZ,nan,GRISMANIA,Aguazul,Casanare,Aeródromo,4.989,-72.5099,LUZ MARINA VARGAS,SFA LTDA.,900,10,2000,669,"6,670,000",7/12/2010,nan,1A,Fumigación,1,85,85010,
28,28,209,ACP,nan,ACAPULCO,Nunchía,Casanare,Aeródromo,5.4086,-71.8694,YOLANDA CAMACHO V.,MARIA A. PACHECO OCHOA,870,10,2000,656,"4,895,000",22/12/2016,15/09/2014,1A,Fumigación,623127,85,85225,
29,29,330,CPL,CPL,NAVAS PARDO,Chaparral,Tolima,Aeródromo,3.7238,-75.4654,AEROCIVIL,AEROCIVIL,1200,15,5414,2729,"499,000",20/07/1968,nan,2C,Aerocivil,538,73,73168,
30,30,372,EJU,nan,EL JUNCAL,Palermo,Huila,Aeródromo,2.8471,-75.3133,ASOJUNCAL,SANIDAD VEGETAL CRUZ VERDE,620,10,2000,1509,"4,949,000",1/10/2010,nan,1A,Fumigación,2,41,41524,
31,31,122,9CP,nan,LA SALVACION,Paz de Ariporo,Casanare,Aeródromo,5.9988,-70.6316,ALCALDIA,ALCALDIA,700,15,2000,384,"4,807,000",14/11/2006,nan,1A,Público,226984,85,85250,
32,32,93,9BF,nan,LA FRANCIA,El Paso,Cesar,Aeródromo,9.6394,-73.5282,SOCIEDAD COLOMBIAN NATURAL RESOURCES,EL MISMO,1100,18,5414,213,"962,000",2/03/2011,nan,1B,Privado,149,20,20250,
33,33,157,9LT,nan,LOS GAVANES (LA MATA),Arauca,Arauca,Aeródromo,7.0093,-70.7743,FUMIGAR,FUMIVILLA,760,12,3000,416,"2,141,000",23/10/2016,nan,1A,Fumigación,562394,81,81001,
34,34,855,VVU,nan,SANTA ISABEL,Villavicencio,Meta,Aeródromo,3.9873,-73.2091,EFA LTDA.,EFA LTDA.,800,10,2000,689,"2,634,000",27/11/2018,nan,1A,Fumigación,119198,50,50001,
35,35,111,9CC,nan,EL TOTUMO,Paz de Ariporo,Casanare,Aeródromo,5.9387,-71.2217,MUNICIPIO,MUNICIPIO,520,15,2000,476,"4,541,000",29/12/2017,25/11/2016,1A,Público,333041,85,85250,
36,36,177,9MN,nan,EL PEDRAL BONANZA,Puerto Wilches,Santander,Aeródromo,7.2417,-73.8151,nan,AEROPENORT LTDA.,800,10,3000,282,nan,11/10/2013,22/09/2012,1A,Fumigación,883478,68,68575,
37,37,152,9LN,nan,GUADUALITO,Nunchía,Casanare,Aeródromo,5.4593,-71.912,CUPERTINO CUEVAS D.,SANAR S.A.,700,10,3000,639,"4,943,000",6/09/2012,nan,1A,Fumigación,226984,85,85225,
38,38,444,IBE,IBE,PERALES,Ibagué,Tolima,Nacional,4.4217,-75.1336,AEROCIVIL,AEROCIVIL,1800,30,5414,3114,"984,000",2/02/1987,nan,3C,Aerocivil,36819,73,73001,
39,39,185,9MW,nan,LAS NUBES,Puerto Gaitán,Meta,Aeródromo,4.2563,-71.7977,AGMO NUBES INVER.S.A.S,AGMO NUBES INVERSIONES,1000,18,4500,1030,"1,942,000",4/09/2017,18/12/2018,1A,Fumigación,657540,50,50568,
40,40,353,CZU,CZU,LAS BRUJAS,Corozal,Sucre,Regional,9.3325,-75.2853,AEROCIVIL,EN CONCESION-SOACN(Sociedad Operadora de Aeropuertos Centro Norte,1430,22,5414,519,"1,862,000",25/07/1988,nan,3C,Aerocivil,813666,70,70215,
41,41,696,PTL,PTX,CONTADOR,Pitalito,Huila,Regional,1.8573,-76.0856,AEROCIVIL,AEROCIVIL,1500,19,5414,4221,"2,090,000",22/10/1974,nan,2B,Aerocivil,1251,41,41551,
42,42,146,9LH,nan,INGENIO PICHICHI,Guacarí,Valle del Cauca,Aeródromo,3.5347,-76.1653,INGENIO PICHICHI S.A.,INGENIO PICHICHI,340,10,500,3215,"2,951,000",20/06/2013,5/08/2015,1A,Fumigación,226984,76,76318,
43,43,704,PVA,PVA,EL EMBRUJO,Providencia,San Andrés islas,Nacional,13.3572,-81.3579,AEROCIVIL,AEROCIVIL,1050,18,5414,10,"338,000",23/04/1969,nan,2B,Aerocivil,23333,88,88564,
44,44,259,BEC,nan,BECERRIL,Becerril,Cesar,Aeródromo,9.6628,-73.2744,MUNICIPIO,FUMILLANOS,1300,27,3500,320,"2,989,000",2/07/2008,nan,3B,Fumigación,51,20,20045,
45,45,797,TCO,nan,LA FLORIDA,San Andrés de Tumaco,Nariño,Nacional,1.8144,-78.749,AEROCIVIL,AEROCIVIL,1600,30,5414,10,"455,000",19/11/1973,nan,3C,Aerocivil,596754,52,52835,
46,46,206,ACD,ACD,ALCIDES FERNANDEZ,Acandí,Chocó,Regional,8.4969,-77.2739,INCORA LTDA,MUNICIPIO,1200,16,5414,50,"1,072,000",18/10/2018,nan,3A,Público,226258,27,27006,
47,47,768,SNR,nan,SAN MARTIN,San Martín,Meta,Regional,3.7023,-73.6881,AEROCIVIL,AEROCIVIL,700,15,3000,1380,"644,000",5/06/1967,nan,1A,Aerocivil,181,50,50689,
48,48,212,ADZ,ADZ,GUSTAVO ROJAS PINILLA,San Andrés,San Andrés islas,Internacional,12.5837,-81.7113,AEROCIVIL,AEROCIVIL,2380,36,5414,18,"352,000",17/05/1968,nan,4D,Aerocivil,76692,88,88001,
49,49,274,BOG,BOG,EL DORADO,"Bogotá, D.C.","Bogotá, D.C.",Internacional,4.7017,-74.1469,AEROCIVIL,EN CONCESION CODAD,3800,60,5414,8356,"320,000",9/12/1999,nan,4E,Aerocivil,1804153,11,11001,
50,50,182,9MS,nan,BETANIA,Trinidad,Casanare,Aeródromo,5.5319,-71.6812,DIOSELINO ACOSTA,SAO E.U.,800,10,2000,2030,"1,216,000",20/03/2013,nan,1A,Fumigación,1,85,85430,
51,51,699,PTW,nan,GEMELOS DORADOS,Puerto Wilches,Santander,Aeródromo,7.2466,-73.7723,MILTON A. SALAZAR REY,EL MISMO,850,15,5670,314,"6,473,000",30/12/2014,28/06/2018,1A,Privado,365766,68,68575,
52,52,13,7GG,nan,LA ILUSION,Maní,Casanare,Aeródromo,4.5805,-72.4282,SIGRA S.A.,SIGRA S.A.,890,18,3500,574,"1,944,000",3/05/2013,10/05/2016,1A,Privado,2,85,85139,
53,53,16,7GK,nan,LAS VIOLETAS- CA,Castilla la Nueva,Meta,Aeródromo,3.8519,-73.7286,FRANCELINA CADENA,AEROCLUB DEL META,350,10,500,609,"4,132,000",24/09/2017,nan,UL,Privado,420744,50,50150,
54,54,86,9AX,nan,SANTA CRUZ,Puerto López,Meta,Aeródromo,4.1318,-73.1814,JULIO STRAUCH D.,COMERCIALIZADORA ECO,650,10,2000,659,"2,685,000",30/12/2018,nan,1A,Fumigación,261121,50,50573,
55,55,168,9MD,nan,LA ABEJITA,Monterrey,Casanare,Aeródromo,5.0095,-72.3234,JOSE A. VARGAS P.,AGIL LTDA.,840,10,2000,682,"5,479,000",30/09/2011,9/11/2014,1A,Fumigación,226984,85,85162,
56,56,205,ABT,nan,AGUA BLANCA,Piedras,Tolima,Aeródromo,4.4656,-74.9948,SOCIEDAD CULTIVOS SAN JOSE,CRUZ VERDE,680,10,2000,1994,"4,508,000",18/08/2012,3/09/2015,1A,Fumigación,17,73,73547,
57,57,3,7FW,nan,MORICHITO,Hato Corozal,Casanare,Aeródromo,5.9188,-71.7932,CARMEN NARANJO,ROBERTO C. RIAÑO P.,800,15,3500,720,"2,220,000",7/05/2009,nan,1A,Privado,226984,85,85125,
58,58,142,9DO,nan,TALANQUERA,Puerto López,Meta,Aeródromo,4.141,-73.032,FERNANDO TOVAR TAMAYO,COMERCIALIZADORA ECO,740,10,2000,179,"6,016,000",23/10/2012,nan,1A,Fumigación,226984,50,50573,
59,59,178,9MO,nan,SAN NICOLAS,Tauramena,Casanare,Aeródromo,4.4703,-72.4575,CARLOS E. CONTRERAS,ASAM LTDA.,840,10,2000,585,"4,510,000",22/08/2012,nan,1A,Fumigación,244452,85,85410,
60,60,40,7HN,nan,ARMENIA,Paz de Ariporo,Casanare,Aeródromo,5.787,-70.1835,LUIS JOSE CALA LOPEZ,LUIS JOSE CALA LOPEZ,800,15,3000,380,"4,734,000",6/09/2013,nan,1A,Privado,226984,85,85250,
61,61,169,9ME,nan,CACHIMBALITO - CA,Santander de Quilichao,Cauca,Aeródromo,3.1653,-76.4738,INCAUCA,INCAUCA.S.A. - ASOCAÑA,250,10,500,3241,"2,956,000",30/06/2015,30/10/2016,1A,Fumigación,91841,19,19698,
62,62,139,9DL,nan,LA PASTORA,Arauca,Arauca,Aeródromo,6.798,-70.9777,SAO E.U,SAO E.U.,740,10,2000,600,"2,139,000",16/05/2013,nan,1A,Fumigación,226984,81,81001,
63,63,340,CTG,CTG,RAFAEL NUÑEZ,Cartagena de Indias,Bolívar,Internacional,10.442,-75.5123,AEROCIVIL,CONCESION-SACSA,2380,45,5414,7,"4,501,000",25/11/2012,nan,4D,Aerocivil,598113,13,13001,
64,64,431,GYM,nan,FLAMINIO S. CAMACHO,Chía,Cundinamarca,Aeródromo,4.8125,-74.0651,AEROCIVIL,AEROCIVIL,1720,20,7000,8386,"984,000",2/02/1987,nan,2B,Aerocivil,4571,25,25175,
65,65,692,PSO,PSO,ANTONIO NARIÑO,Pasto,Nariño,Nacional,1.3964,-77.291,AEROCIVIL,AEROCIVIL,2177,40,5414,5896,"95,000",24/04/1957,nan,4C,Aerocivil,23045,52,52001,
66,66,250,BAL,nan,INGENIO RISARALDA,Balboa,Risaralda,Aeródromo,4.8948,-75.9044,INGENIO RISARALDA,ING.RISARALDA-ASOCAÑA,250,10,500,3034,"2,954,000",29/06/2016,30/09/2015,1A,Fumigación,800814,66,66075,
67,67,570,MQU,MQU,JOSE CELESTINO,San Sebastián de Mariquita,Tolima,Regional,5.2126,-74.8837,AEROCIVIL,AEROCIVIL,1790,45,5414,1531,"51,000",28/01/2011,nan,2A,Aerocivil,353329,73,73443,
68,68,120,9CL,nan,LA VENTUROSA,San Luis de Palenque,Casanare,Aeródromo,5.2388,-71.3035,MUNICIPIO,EL MISMO,620,15,2000,459,"4,542,000",2007-11-31,nan,1A,Público,664553,85,85325,
69,69,634,OTU,OTU,REMEDIOS OTU,Remedios,Antioquia,Regional,7.0106,-74.7156,AEROCIVIL,AEROCIVIL,950,12,5414,2058,"522,000",3/07/1968,nan,1A,Aerocivil,8663,5,5604,
70,70,646,PCR,PCR,GERMAN OLANO,Puerto Carreño,Vichada,Regional,6.185,-67.4925,MUNICIPIO,AEROCIVIL,1800,30,5414,1915,"551,000",10/07/1968,nan,3C,Aerocivil,6271,99,99001,
71,71,96,9BI,nan,SAN FELIPE,Orocué,Casanare,Aeródromo,5.1037,-71.8425,MARIA LUCILA REYES ORDOÑEZ,MARIA LUCILA REYES O.,700,14,2000,554,"800,000",18/02/2010,nan,1A,Privado,10,85,85230,
72,72,620,OCV,OCV,AGUAS CLARAS,Ocaña,Norte de Santander,Regional,8.3156,-73.3583,AEROCIVIL,AEROCIVIL,1200,30,19000,3850,"2,363,000",3/09/1971,nan,2C,Aerocivil,2566,54,54498,
73,73,5,7FY,nan,DUBAI,Ayapel,Córdoba,Aeródromo,8.296,-75.0307,ANDRES D. LONDOÑO T.,ANDRES D. LONDOÑO T.,350,10,500,82,"1,212,000",20/03/2013,nan,1A,Privado,226984,23,23068,
74,74,268,BMG,nan,BARRANCO MINAS,Barranco Minas,Guainía,Aeródromo,3.4907,-69.8097,GOBERNACION,DEPARTAMENTO,900,15,5414,125,"2,477,000",17/09/1984,nan,1A,Público,1027931,94,94343,
75,75,397,EYP,EYP,EL ALCARAVAN,Yopal,Casanare,Nacional,5.3191,-72.3842,AEROCIVIL,AEROCIVIL,2250,30,5414,1016,"984,000",2/02/1987,nan,3C,Aerocivil,92726,85,85001,
76,76,92,9BE,nan,LAS VEGAS,Paz de Ariporo,Casanare,Aeródromo,6.0072,-71.2842,ALEIDA JERONIMO NAVAS,ALEIDA JERONIMO NAVAS,740,15,3500,430,"1,657,000",10/11/2016,nan,1A,Privado,462527,85,85250,
77,77,64,7NR,nan,NUEVA ROMA,Plato,Magdalena,Aeródromo,9.968,-74.3303,JORGE SOLANO RECIO,JORGE SOLANO RECIO,550,10,3000,462,"4,503,000",16/08/2012,nan,1A,Privado,1,47,47555,
78,78,117,9CI,nan,LA CAIMANA,Paz de Ariporo,Casanare,Aeródromo,6.052,-70.8134,MUNICIPIO,MUNICIPIO,615,15,2000,400,"4,541,000",27/10/2006,7/11/2016,1A,Público,11,85,85250,
79,79,579,MTB,MTB,EL PINDO,Montelíbano,Córdoba,Regional,7.9733,-75.4413,AEROCIVIL,AEROCIVIL,1100,26,12202,160,"3,107,000",8/04/1981,nan,2C,Aerocivil,1863,23,23466,
80,80,154,9LQ,nan,LA PONDEROSA,Puerto Gaitán,Meta,Aeródromo,4.6316,-71.2141,MONICA COLOMBIA LTDA.,MONICA COLOMBIA LTDA,1200,18,3000,537,"5,243,000",19/09/2012,nan,2A,Privado,25,50,50568,
81,81,607,NQU,NQU,REYES MURILLO,Nuquí,Chocó,Regional,5.712,-77.2627,AEROCIVIL,AEROCIVIL,930,10,5414,13,"2,279",24/08/2004,nan,1A,Aerocivil,163264,27,27495,
82,82,15,7GI,nan,GUAYABAL DEL CRAVO,Orocué,Casanare,Aeródromo,4.7223,-71.5943,KLAUS PUTH ARANGUREN,KLAUS PUTH ARANGUREN,750,12,2500,442,"3,710,000",24/07/2013,1/08/2016,1A,Privado,1,85,85230,
83,83,43,7HR,nan,RANCHO COLIBRI - CA,Roldanillo,Valle del Cauca,Aeródromo,4.4586,-76.1258,HENRY D. F. ORTIZ SILVA,HENRY D. F. ORTIZ SILVA,215,10,500,3083,"7,091,000",19/12/2013,9/01/2017,1A,Privado,226984,76,76622,
84,84,112,9CD,nan,VARSOVIA,Paz de Ariporo,Casanare,Aeródromo,5.849,-70.3648,MUNICIPIO,MUNICIPIO,550,15,2000,328,"4,541,000",29/12/2014,17/11/2018,1A,Público,985035,85,85250,
85,85,615,NVA,NVA,BENITO SALAS,Neiva,Huila,Internacional,2.9499,-75.2941,AEROCIVIL,AEROCIVIL,1600,40,5414,1464,"57,000",30/10/1990,nan,3C,Aerocivil,433267,41,41001,
86,86,165,9MA,nan,EL DELIRIO,Arauca,Arauca,Aeródromo,6.9831,-70.882,CARMEN A. CABEZAS PEREZ,FUMIVILLA,800,10,3000,430,"5,180,000",26/11/2012,14/11/2016,1A,Fumigación,704150,81,81001,
87,87,179,9MP,nan,LOS LOBOS,Tauramena,Casanare,Aeródromo,4.4748,-72.7478,AGROVIMART S.A.,AGIL LTDA.,800,10,3000,580,"1,685,000",27/11/2015,22/09/2018,1A,Fumigación,988981,85,85410,
88,88,207,ACI,nan,EL MONASTERIO,Acacías,Meta,Aeródromo,3.9587,-73.4425,EFA LTDA.,EFA LTDA.,680,10,2000,948,"2,634,000",28/08/2015,nan,1A,Fumigación,931565,50,50006,
89,89,862,ZPS,AZT,GUILLERMO GOMEZ ORTIZ,Zapatoca,Santander,Aeródromo,6.7674,-73.2846,MUNICIPIO,MUNICIPIO,700,14,2300,5918,"11,000",9/01/1968,nan,1A,Público,30,68,68895,
90,90,37,7HK,nan,MULETOS- CA,Maní,Casanare,Aeródromo,4.5549,-72.1753,MULETOS S.A.S.,MULETOS S.A.S.,350,10,500,790,"2,142,000",16/05/2013,nan,UL,Privado,226984,85,85139,
91,91,819,TTM,TTM,TABLON DE TAMARA,Támara,Casanare,Aeródromo,5.7267,-72.1006,AEROCIVIL,AEROCIVIL,1317,30,12202,1650,"644,000",28/11/1998,nan,2C,Aerocivil,187664,85,85400,
92,92,88,9BA,nan,CURUMANI,Curumaní,Cesar,Aeródromo,9.2222,-73.5722,MUNICIPIO,FADELCE,900,23,2000,164,"2,989,000",2/07/2008,nan,2A,Fumigación,226984,20,20228,
93,93,202,A02,nan,CAÑO COLORADO,Inírida,Guainía,Aeródromo,2.2774,-68.3599,GOBERNACION,GOBERNACION,1100,15,12202,413,"4,419,000",28/12/2018,nan,1C,Público,61256,94,94001,
94,94,374,ELB,ELB,LAS FLORES,El Banco,Magdalena,Aeródromo,9.0428,-73.9715,AEROCIVIL,AEROCIVIL,1225,28,19045,110,"1,374,000",15/09/1996,nan,3B,Aerocivil,58930,47,47245,
95,95,9,7GC,nan,SAN FELIPE DEL PAUTO,Trinidad,Casanare,Aeródromo,5.2032,-70.8951,AGRAS S.A.S,AGRAS S.A.S,720,10,3000,3125,"4,505,000",16/08/2012,nan,1A,Privado,153,85,85430,
96,96,324,COG,COG,CONDOTO MANDINGA,Condoto,Chocó,Regional,5.072,-76.6766,AEROCIVIL,AEROCIVIL,1150,18,5414,166,"984,000",2/02/1987,nan,2C,Aerocivil,5130,27,27205,
97,97,175,9ML,nan,MIRADOR,Trinidad,Casanare,Aeródromo,5.4326,-71.6009,ANGELICA VEGA,TAES LTDA.,790,10,2000,620,"4,314,000",30/11/2017,nan,1A,Fumigación,240331,85,85430,
98,98,850,VVC,VVC,VANGUARDIA,Villavicencio,Meta,Nacional,4.1684,-73.6147,AEROCIVIL,AEROCIVIL,1940,30,5414,1366,"499,000",12/06/1968,nan,3C,Aerocivil,117754,50,50001,
99,99,35,7HH,nan,HORIZONTES,Piedecuesta,Santander,Aeródromo,7.0017,-73.1037,DESARROLLOS METROPOLITANOS,DESARROLLOS METROPOLITANOS,610,12,3500,4195,"5,186,000",24/09/2013,nan,1A,Privado,226984,68,68547,
100,100,594,MVP,MVP,FABIO A. LEON BENTLEY,Mitú,Vaupés,Regional,1.2535,-70.2341,MUNICIPIO,AEROCIVIL,1880,30,5414,680,"34,000",19/02/1958,nan,3C,Aerocivil,35858,97,97001,
101,101,761,SMR,SMR,SIMON BOLIVAR,Santa Marta,Magdalena,Internacional,11.1197,-74.2473,AEROCIVIL,AEROCIVIL -ORIENTE S.A.S.,1700,40,5414,22,"352,000",17/05/1968,nan,3C,Aerocivil,45781,47,47001,
102,102,838,VGP,VGZ,CANANGUCHAL,Villagarzón,Putumayo,Regional,0.9785,-76.6064,AEROCIVIL,AEROCIVIL,1300,20,5414,397,"1,270,000",9/05/1972,nan,3B,Aerocivil,5927,86,86885,
103,103,217,AGB,nan,AGUA BLANCA,Espinal,Tolima,Aeródromo,4.1839,-74.8931,FARCA S.A. - COMODATO,SANIDAD VEGETAL CRUZ,750,10,2000,1095,"7,095,000",19/12/2013,nan,1A,Fumigación,4,73,73268,
104,104,229,ALV,nan,EL DIAMANTE,Alvarado,Tolima,Aeródromo,4.5694,-74.9337,ELIAS ACOSTA Y CIA LTDA,CRUZ VERDE,620,10,2000,1312,"4,728,000",27/10/2016,nan,1A,Fumigación,163494,73,73026,
105,105,114,9CF,nan,SAN ESTEBAN,Paz de Ariporo,Casanare,Aeródromo,5.4441,-70.8352,MUNICIPIO,MUNICIPIO,580,15,2000,377,"4,541,000",27/10/2006,7/11/2016,1A,Público,5,85,85250,
106,106,173,9MJ,nan,AGROFORESTAL MATA AZUL,Santa Rosalía,Vichada,Aeródromo,5.2897,-70.6337,nan,RIOPAILA CASTILLA S.A.,1200,20,6500,118,"1,478,000",23/03/2012,nan,1A,Privado,226984,99,99624,
107,107,278,BUN,BUN,BUENAVENTURA-GERARDO TOBAR LOPEZ,Buenaventura,Valle del Cauca,Nacional,3.8196,-76.9899,AEROCIVIL,AEROCIVIL,1200,30,5414,44,"1,026,000",28/08/1967,nan,2C,Aerocivil,4776,76,76109,
108,108,713,RAV,RAV,CRAVO NORTE,Cravo Norte,Arauca,Aeródromo,6.3167,-70.2111,AEROCIVIL,AEROCIVIL,1122,18,12202,336,"343,000",3/05/1968,nan,3C,Aerocivil,3504,81,81220,
109,109,4,7FX,nan,CAROLINA DEL PRINCIPE,Carolina,Antioquia,Aeródromo,6.7248,-75.2909,MUNICIPIO,MUNICIPIO,400,16,1000,6004,"6,470,000",26/11/2015,nan,1A,Público,590135,5,5150,
110,110,8,7GB,nan,LA CAROLINA,El Paso,Cesar,Aeródromo,9.528,-73.7866,JORGE AGUDELO RESTREPO,JORGE AGUDELO REST.,350,10,500,690,"5,474,000",6/10/2009,nan,UL,Privado,226984,20,20250,
111,111,241,ARQ,ARQ,EL TRONCAL,Arauquita,Arauca,Aeródromo,7.0211,-71.3889,AEROCIVIL,AEROCIVIL,960,12,12202,509,"1,073,000",15/09/1969,nan,2C,Aerocivil,70,81,81065,
112,112,161,9LY,nan,SAN ISIDRO II,Cumaral,Meta,Aeródromo,4.1585,-73.3408,MARIA A PACHE OCHOA,MARIA A. PACHECO O.,890,10,2000,175,"4,730,000",6/09/2013,nan,1A,Fumigación,226984,50,50226,
113,113,39,7HM,nan,LLANO CAUCHO,Cumaribo,Vichada,Aeródromo,4.4355,-70.6954,AGROINDUSTRIALES DEL ORIENTE,AGROINVERSIONES DEL ORIENTE S.A.S,900,15,12000,434,"5,189,000",30/12/2014,nan,1A,Privado,918033,99,99773,
114,114,176,9MM,nan,EL CARIBE,Paz de Ariporo,Casanare,Aeródromo,5.7198,-71.4963,REGULO GAMA OJEDA,FARO LTDA.,800,10,2000,585,"1,684,000",18/04/2013,3/05/2016,1A,Fumigación,226984,85,85250,
115,115,7,7GA,nan,BARU - HIDROPUERTO,Cartagena de Indias,Bolívar,Aeródromo,10.2321,-75.5877,MAURICIO E. VASQUEZ M.,EL MISMO,450,20,500,0,"6,067,000",25/10/2012,7/11/2015,1A,Privado,226984,13,13001,
116,116,549,MGN,MGN,BARACOA,Magangué,Bolívar,Aeródromo,9.2849,-74.8465,AEROCIVIL,AEROCIVIL,1410,20,33112,195,"352,000",17/05/1968,nan,2B,Aerocivil,560,13,13430,
117,117,130,9DB,nan,PALMAS DE TUMACO  -CA,San Andrés de Tumaco,Nariño,Aeródromo,1.496,-78.765,PALMAS DE TUMACO S.A.,PALMAS DE TUMACO S.A.,225,10,500,136,"1,897,000",17/05/2014,10/06/2018,UL,Privado,755411,52,52835,
118,118,244,AUC,AUC,SANTIAGO PEREZ QUIROZ,Arauca,Arauca,Nacional,7.0689,-70.737,AEROCIVIL,AEROCIVIL,2100,30,5414,418,"984,000",2/02/1987,nan,4C,Aerocivil,25923,81,81001,
119,119,446,IGO,IGO,JAIME ORTIZ BETANCUR,Chigorodó,Antioquia,Aeródromo,7.6772,-76.683,MUNICIPIO,MUNICIPIO,840,18,6400,170,"4,545,000",17/08/2012,nan,1A,Público,250,5,5172,
120,120,84,9AU,nan,LAS FURIAS,Nunchía,Casanare,Aeródromo,5.4039,-72.1228,MAURICIO CALA PEREZ,SFA LTDA.,800,10,2000,688,"5,611,000",14/10/2014,11/12/2015,1A,Fumigación,45212,85,85225,
121,121,136,9DI,nan,SAN FELIPE,San Felipe,Guainía,Aeródromo,1.915,-67.0776,GOBERNACION,GOBERNACION,1100,22,25000,312,"545,000",13/02/2008,nan,1A,Público,89,94,94883,
122,122,171,9MH,nan,SAN JUAN,San Martín,Meta,Aeródromo,3.7017,-73.3774,RODOLFO MENDEZ,MARIA A. PACHECO O.,740,10,2000,870,"1,840,000",27/10/2015,8/07/2016,1A,Fumigación,127582,50,50689,
123,123,443,HTZ,HTZ,HATO COROZAL,Hato Corozal,Casanare,Aeródromo,6.1535,-71.7616,AEROCIVIL,AEROCIVIL,1040,14,12202,830,"502,000",29/10/1980,nan,2C,Aerocivil,543830,85,85125,
124,124,69,9AB,nan,GETSEMANI,Hato Corozal,Casanare,Aeródromo,6.1506,-70.0294,MUNICIPIO,MUNICIPIO,800,14,2000,304,"2,220,000",10/06/2004,nan,1A,Público,112,85,85125,
125,125,448,IPI,IPI,SAN LUIS,Aldana,Nariño,Internacional,0.8619,-77.6718,AEROCIVIL,AEROCIVIL,1770,28,5414,9740,"455,000",19/05/1969,nan,3C,Aerocivil,4193,52,52022,
126,126,97,9BK,nan,JULIAN,Cabuyaro,Meta,Aeródromo,4.2711,-72.9869,HERNANDO JIMENEZ,ASAM LTDA,800,10,2500,735,"3,181,000",24/06/2009,6/07/2012,1A,Fumigación,226984,50,50124,
127,127,661,PIP,RON,PAIPA JUAN JOSE RONDON,Paipa,Boyacá,Aeródromo,5.7644,-73.1057,AEROCIVIL,AEROCIVIL,1700,30,11400,8205,"984,000",1996-02-30,nan,3C,Aerocivil,202729,15,15516,
128,128,234,APO,APO,ANTONIO ROLDAN BETANCOURT,Carepa,Antioquia,Nacional,7.8118,-76.7164,AEROCIVIL,EN CONCESION- SOACN(Sociedad Operadora de Aeropuertos Centro Norte,2180,30,5414,46,"1,590,000",10/06/1969,nan,4C,Aerocivil,40556,5,5147,
129,129,264,BIC,nan,BERASTEGUI,Ciénaga de Oro,Córdoba,Aeródromo,8.8845,-75.6835,AEROCIVIL,AEROCIVIL,1530,20,2000,48,"984,000",2/02/1987,nan,0B,Aerocivil,1,23,23189,
130,130,10,7GD,nan,VELASQUEZ,Puerto Boyacá,Boyacá,Aeródromo,5.9482,-74.4575,FAC,MANSAROVAR,1500,18,10000,617,"2,135,000",25/11/2016,nan,3C,Privado,987668,15,15572,
131,131,102,9BR,nan,SEVILLA,Hato Corozal,Casanare,Aeródromo,5.9234,-71.7139,HELI CALA LOPEZ,HELI CALA LOPEZ,700,15,3000,682,"4,729,000",6/09/2013,nan,1A,Privado,226984,85,85125,
132,132,848,VUP,VUP,ALFONSO LOPEZ PUMAREJO,Valledupar,Cesar,Nacional,10.4351,-73.2494,AEROCIVIL,AEROCIVIL -ORIENTE S.A.S.,2100,30,5414,450,"352,000",19/11/1969,nan,4C,Aerocivil,963136,20,20001,
133,133,216,AFI,AFI,EL RIO,Amalfi,Antioquia,Aeródromo,6.8954,-75.0475,AEROCIVIL,AEROCIVIL,970,20,3500,4831,"551,000",17/10/1972,nan,2A,Aerocivil,980166,5,5031,
134,134,38,7HL,nan,LA MAPORA,Pore,Casanare,Aeródromo,5.6459,-71.9887,PAULA ANDREA CANO A.,PAULA ANDREA CANO,350,10,500,497,"2,199,000",17/05/2013,nan,1A,Privado,226984,85,85263,
135,135,181,9MR,nan,LOS GANSOS,Cumaribo,Vichada,Aeródromo,4.6764,-70.9997,LOS GANSOS 1 S.A.S.,LOS GANSOS 1 S.AS.,900,40,2000,544,"7,390,000",30/12/2012,nan,1A,Fumigación,787984,99,99773,
136,136,167,9MC,nan,LA MONICA,Tauramena,Casanare,Aeródromo,4.6856,-72.6005,MAURICIO TORRES CUBIDES,ASAM LTDA.,840,10,2000,554,"4,896,000",6/09/2011,nan,1A,Fumigación,226984,85,85410,
137,137,703,PUU,PUU,TRES DE MAYO,Puerto Asís,Putumayo,Nacional,0.5054,-76.5008,AEROCIVIL,AEROCIVIL,1485,25,33112,809,"115,000",9/09/1981,nan,3C,Aerocivil,251978,86,86568,
138,138,80,9AO,nan,SANTA CLARA,Sabanalarga,Casanare,Aeródromo,4.4172,-72.7744,ARMANDO SANCHEZ M.,TAES LTDA.,800,10,2500,610,"2,137,000",16/05/2013,nan,1A,Fumigación,23,85,85300,
139,139,240,ARO,ARO,ARBOLETES,Arboletes,Antioquia,Aeródromo,8.8394,-76.43,MUNICIPIO,MUNICIPIO,1100,10,6000,13,"4,381,000",4/09/2002,nan,2B,Público,5,5,5051,
140,140,73,9AH,nan,SAN ROQUE  - CA.,San Pedro,Valle del Cauca,Aeródromo,4.0039,-76.2209,IRMA HERNANDEZ DE M.,JAKOB OLIVIER,235,10,400,3366,"5,622,000",19/10/2015,nan,UL,Privado,178332,76,76670,
141,141,245,AUR,nan,EL CORAJE,Ariguaní,Magdalena,Aeródromo,10.0247,-74.067,CAMAGUEY S.A.,CAMAGUEY S.A.,720,15,4000,282,"7,094,000",22/12/2014,nan,1A,Privado,624652,47,47058,
142,142,113,9CE,nan,LA HERMOSA,Paz de Ariporo,Casanare,Aeródromo,5.5307,-70.4497,MUNICIPIO,MUNICIPIO,884,15,2000,338,"4,541,000",27/10/2006,7/11/2016,1A,Público,119,85,85250,
143,143,160,9LX,nan,LA GAITANA,Cabuyaro,Meta,Aeródromo,4.2253,-73.0298,P.VICENTE PERALES,FACOL LTDA.,800,10,4500,627,"1,844,000",28/11/2018,nan,1A,Fumigación,71073,50,50124,
144,144,62,7NP,nan,EL CAIRANO,Santa Catalina,Bolívar,Aeródromo,10.7124,-75.2649,CARLOS E. GUERRERO,ENRIQUE MORALES NUÑEZ,215,10,400,30,"998,000",8/08/2016,nan,UL,Privado,42644,13,13673,
145,145,121,9CM,nan,MIRAMAR DE GUANAPALO,San Luis de Palenque,Casanare,Aeródromo,5.0541,-71.0012,MUNICIPIO,EL MISMO,425,15,2000,394,"4,542,000",27/10/2006,nan,1A,Público,1,85,85325,
146,146,125,9CU,nan,COROCORA,Trinidad,Casanare,Aeródromo,5.3751,-70.969,DORA AVELLA VDA.DE PAN,PERENCO COLOMBIA LIMITED,740,18,5000,430,"1,000,000",1/03/2012,nan,1A,Privado,2486,85,85430,
147,147,156,9LS,nan,SAN LUIS,La Esperanza,Norte de Santander,Aeródromo,7.6382,-73.4381,CRIAGAN S.A.,AEROPENORT LTDA.,770,10,2000,308,"7,389,000",28/12/2012,12/02/2016,1A,Fumigación,226984,54,54385,
148,148,219,AGH,nan,HACARITAMA,Aguachica,Cesar,Aeródromo,8.2473,-73.5821,AEROCIVIL,AEROCIVIL,1310,25,12202,700,"9,248,000",27/07/1987,nan,2C,Aerocivil,1245,20,20011,
149,149,29,7HB,nan,HOTEL SAN DIEGO,Puerto Gaitán,Meta,Aeródromo,3.7693,-71.8179,MADYGAN S.A.S.,MADYGAN S.A.S.,800,18,4000,725,"6,730,000",26/11/2012,3/12/2015,2A,Privado,92,50,50568,
150,150,798,TDA,TDA,TRINIDAD,Trinidad,Casanare,Aeródromo,5.4349,-71.6584,AEROCIVIL,AEROCIVIL,1148,10,12202,560,"644,000",15/07/2017,nan,2A,Aerocivil,641926,85,85430,
151,151,98,9BL,nan,LOS HALCONES,Bugalagrande,Valle del Cauca,Aeródromo,3.9178,-76.3206,DIEGO TORRES NUÑEZ,DIEGO TORRES NUÑEZ,350,10,500,3232,"6,678,000",22/11/2012,4/01/2016,1A,Privado,10,76,76113,
152,152,678,PPN,PPN,GUILLERMO LEON VALENCIA,Popayán,Cauca,Nacional,2.4542,-76.6099,AEROCIVIL,AEROCIVIL,1910,40,5414,5669,"455,000",19/05/1969,nan,4C,Aerocivil,17602,19,19001,
153,153,714,RCH,RCH,ALMIRANTE PADILLA,Riohacha,La Guajira,Internacional,11.5262,-72.9267,MUNICIPIO,AEROCIVIL -ORIENTE S.A.S.,1900,30,5414,43,"187,000",2/02/1987,nan,4C,Aerocivil,6241,44,44001,
154,154,345,CUC,CUC,CAMILO DAZA No.2,San José de Cúcuta,Norte de Santander,Internacional,7.9274,-72.5116,AEROCIVIL,AEROCIVIL -ORIENTE S.A.S.,2320,45,5414,1027,"984,000",2/02/1987,nan,4A,Aerocivil,226984,54,54001,
155,155,828,URR,URR,ALI PIEDRAHITA,Urrao,Antioquia,Regional,6.3273,-76.1409,AEROCIVIL,AEROCIVIL,865,10,5414,6104,"551,000",10/07/1968,nan,2A,Aerocivil,3524,5,5847,
156,156,32,7HE,nan,GUACHARACAS (COLOMBAIMA),Beltrán,Cundinamarca,Aeródromo,4.7371,-74.8021,EMPRESA GUACHARACAS,CCA. LTDA,700,10,3000,797,"5,920,000",19/10/2012,nan,1A,Privado,1,25,25086,
157,157,90,9BC,nan,CANTADELICIAS,Alpujarra,Tolima,Aeródromo,3.3873,-74.9338,MUNICIPIO,MUNICIPIO,700,15,12200,4213,"4,541,000",26/11/2013,nan,1A,Público,53331,73,73024,
158,158,371,EJA,EJA,YARIGUIES,Barrancabermeja,Santander,Nacional,7.0244,-73.8068,AEROCIVIL,AEROCIVIL -ORIENTE S.A.S.,1800,45,61100,414,"115,000",18/12/1974,nan,3C,Aerocivil,1033304,68,68081,
159,159,75,9AJ,nan,SAN LUIS DE PACA,Mitú,Vaupés,Aeródromo,0.8744,-70.3464,RESGUARDO INDIGENA,GOBERNACION DEL VAUPES,424,10,1650,590,"3,423,000",19/09/2011,nan,1A,Público,186305,97,97001,
160,160,203,A03,nan,FORTUL,Fortul,Arauca,Aeródromo,6.7817,-71.7791,GOBERNACION,MUNICIPIO,700,13,4000,730,"2,036,000",29/11/2014,nan,1A,Público,575874,81,81300,
161,161,265,BIZ,nan,BIZERTA,Nunchía,Casanare,Aeródromo,5.4225,-71.9936,CELMIRA BARRAGAN F.,FUMIVILLA LTDA,700,10,2000,639,"151,000",28/09/2016,nan,1A,Fumigación,224806,85,85225,
162,162,145,9LG,nan,VILLA GEORGINA,Tauramena,Casanare,Aeródromo,4.3625,-74.3214,SANTIAGO PULIDO NIÑO,COMERCIALIZAD. ECO,710,10,2000,594,nan,22/10/2018,nan,1A,Fumigación,707334,85,85410,
163,163,272,BNP,nan,BUENOS AIRES -FADELCE,Pailitas,Cesar,Aeródromo,9.02,-73.6725,FADELCE LTDA,FADELCE LTDA,840,15,2000,82,"24,000",7/01/2009,12/02/2012,2A,Fumigación,2,20,20517,
164,164,109,9CA,nan,LAS AGUILAS -CA,Yumbo,Valle del Cauca,Aeródromo,3.5134,-76.4931,SERESTEL S.A.,CLUB DEPORT.LAS AGUILAS,320,10,500,3100,"4,939,000",6/09/2012,nan,1A,Privado,226984,76,76892,
165,165,213,AER,nan,AEROFLANDES - C.A.,Flandes,Tolima,Aeródromo,4.2171,-74.8454,AEROFLANDES,CLUB.ULTR-LA LIBELULA,240,10,500,1049,"1,211,000",28/06/2015,27/10/2018,UL,Privado,680299,73,73275,
166,166,718,RVE,RVE,COLONIZADORES,Arauca,Arauca,Regional,6.9504,-71.8562,ECOPETROL,AEROCIVIL,800,30,5414,678,"4,158,000",25/09/1983,nan,3C,Aerocivil,6315,81,81001,
167,167,170,9MG,nan,MADREVIEJA,Nunchía,Casanare,Aeródromo,5.4623,-71.9584,CELMIRA BARRAGAN F.,CELMIRA BARRAGAN F.,1000,10,2000,640,"4,509,000",16/10/2018,nan,1A,Fumigación,314181,85,85225,
168,168,708,PZA,PZA,PAZ DE ARIPORO,Paz de Ariporo,Casanare,Aeródromo,5.8819,-71.883,AEROCIVIL,AEROCIVIL,1506,20,29000,878,"1,591,000",6/06/1972,nan,2B,Aerocivil,772,85,85250,
169,169,105,9BW,nan,LA FAZENDA,Puerto López,Meta,Aeródromo,4.3263,-72.2208,ALIAR S.A.,ALIAR S.A.,1200,12,5000,568,"1,941,000",3/05/2013,7/05/2016,2B,Fumigación,42,50,50573,
170,170,33,7HF,nan,GAVILAN DE LA PASCUA,La Primavera,Vichada,Aeródromo,5.1166,-70.3806,RESGUARDO INDIGENA ORIPGA,RES. INDIGENA ORIPGA,1200,15,3500,419,"7,257,000",22/12/2016,nan,1A,Público,66992,99,99524,
171,171,421,GPI,GPI,JUAN CASIANO,Guapí,Cauca,Regional,2.57,-77.898,AEROCIVIL,AEROCIVIL,1300,16,5414,164,"245,000",17/08/1960,nan,3C,Aerocivil,7490,19,19318,
172,172,83,9AT,nan,COROCITO,Puerto López,Meta,Aeródromo,3.9507,-72.2186,AGROINVERSIONES COROCITO,AGROINVERSIONES COROCITO,980,10,3000,544,"1,838,000",26/04/2013,nan,1A,Privado,7,50,50573,
173,173,110,9CB,nan,CAMARUCOS,Paz de Ariporo,Casanare,Aeródromo,5.8754,-70.6583,ALCALDIA,ALCALDIA,1200,15,2000,367,"4,541,000",27/10/2006,7/11/2016,1A,Público,5,85,85250,
174,174,71,9AD,nan,URACA - CA.,Puerto Colombia,Atlántico,Aeródromo,11.0062,-74.9224,NORA CARVAJALINO,ALAS DEL CARIBE,320,10,800,204,"5,624,000",13/11/2018,30/11/2018,UL,Privado,527085,8,8573,
175,175,106,9BX,nan,LA ESTRELLA-CA.,San Martín,Meta,Aeródromo,3.4802,-73.3276,CLUB LA LIBELULA,CLUB LA LIBELULA,300,75,500,787,"679,000",15/02/2011,nan,UL,Privado,226984,50,50689,
176,176,116,9CH,nan,COLINERAS,Paz de Ariporo,Casanare,Aeródromo,6.0713,-70.3678,MUNICIPIO,MUNICIPIO,410,15,2000,338,"4,541,000",27/10/2014,8/12/2016,1A,Público,364845,85,85250,
177,177,147,9LI,nan,SAN SEBASTIAN,Cabuyaro,Meta,Aeródromo,4.3356,-72.7803,NELLY ZARATE,AEROTEC LTDA.,740,10,2000,680,"4,738,000",20/08/2012,nan,1A,Fumigación,30,50,50124,
178,178,14,7GH,nan,LA VENTUROSA,Puerto Carreño,Vichada,Aeródromo,6.1391,-68.7779,MUNICIPIO,GOBERNACION,1000,12,9500,246,"6,782,000",5/12/2013,nan,1A,Público,54,99,99001,
179,179,317,CLO,CLO,ALFONSO BONILLA ARAGON,Palmira,Valle del Cauca,Internacional,3.5431,-76.3817,AEROCIVIL,CONCESION AEROCALI S.A.,3000,45,5414,3174,"984,000",2/02/1987,nan,4E,Aerocivil,207439,76,76520,
180,180,805,TME,TME,GUSTAVO VARGAS,Tame,Arauca,Regional,6.451,-71.7601,AEROCIVIL,AEROCIVIL,2000,30,33112,1199,"343,000",3/05/1968,nan,4C,Aerocivil,5850,81,81794,
181,181,344,CUC,CUC,CAMILO DAZA,San José de Cúcuta,Norte de Santander,Internacional,7.9274,-72.5116,AEROCIVIL,AEROCIVIL -ORIENTE S.A.S.,1920,45,5414,1027,"984,000",28/04/2013,nan,4D,Aerocivil,91797,54,54001,
182,182,123,9CQ,nan,LOMA GRANDE - CA,Ayapel,Córdoba,Aeródromo,8.2937,-75.1176,O.V. OROZCO Y CIA. S.C.A.,EL MISMO,350,10,400,1280,"3,341,000",30/07/2013,nan,UL,Privado,829737,23,23068,
183,183,158,9LU,nan,EL RODEO,Tauramena,Casanare,Aeródromo,4.5772,-72.6914,JEREMIAS VACA RIAÑO,ASAM LTDA.,800,10,2000,746,"6,069,000",25/11/2014,nan,1A,Fumigación,733005,85,85410,
184,184,270,BNI,nan,BOLUGA,Venadillo,Tolima,Aeródromo,4.6903,-74.8894,MARGOT URIBE DE SAMPER Y CIA,CRUZ VERDE,640,10,3000,1092,"2,172,000",30/04/2012,nan,1A,Fumigación,226984,73,73861,
185,185,135,9DH,nan,HACIENDA LA JOYA,Córdoba,Bolívar,Aeródromo,9.6179,-74.8367,TRIPENTA S.A.,AGROTEMPO LTDA.,720,10,2000,82,"9,000",3/01/2013,9/01/2016,1A,Privado,226984,13,13212,
186,186,119,9CK,nan,SANTA MARIA DEL CAFÉ,Hato Corozal,Casanare,Aeródromo,6.1111,-70.9888,MUNICIPIO,EL MISMO,510,15,2000,427,"4,543,000",27/10/2006,nan,1A,Público,226984,85,85125,
187,187,2,7FU,nan,LA ESCONDIDA,Puerto Gaitán,Meta,Aeródromo,4.6108,-71.1935,PALMAS SICARARE S.A.S.,COSARGO S.A.S.,1300,18,5000,564,"1,843,000",29/09/2015,31/05/2017,1A,Fumigación,751777,50,50568,
188,188,79,9AN,nan,MARAREY,Orocué,Casanare,Aeródromo,4.8281,-71.0808,JULIAN VALENCIA I. Y OTROS,JULIAN VALENCIA I. Y OTROS,700,15,4800,498,"2,001,000",8/05/2013,9/05/2016,1A,Privado,226,85,85230,
189,189,201,A01,nan,CAMPO ALEGRE,Inírida,Guainía,Aeródromo,1.8653,-69.0101,GOBERNACION,GOBERNACION,450,15,2000,577,"1,333,000",26/03/2013,nan,1A,Público,182,94,94001,
190,190,803,TLU,TLU,TOLU,Tolú Viejo,Sucre,Regional,9.5095,-75.5859,AEROCIVIL,AEROCIVIL,1350,16,12202,15,"455,000",24/12/2000,nan,2A,Aerocivil,227253,70,70823,
191,191,131,9DC,nan,INGENIO LA CARMELITA,Riofrío,Valle del Cauca,Aeródromo,4.0727,-76.316,SOCIEDAD GARRIDO,ING. LA CARMELITA,300,10,500,3087,"2,961,000",20/06/2013,5/08/2015,1A,Fumigación,226984,76,76616,
192,192,149,9LK,nan,HATO VIEJO,Arauca,Arauca,Aeródromo,6.8964,-70.7791,COMERCIALIZADORA EL PROVEEDOR LTDA.,FUMIVILLA,750,10,2000,416,"2,141,000",16/11/2015,nan,1A,Fumigación,566115,81,81001,
193,193,118,9CJ,nan,EMAUS,San Luis de Palenque,Casanare,Aeródromo,5.1483,-71.0453,LUIS F. CASTILLO SANTOS,LUIS F. CASTILLO SANTOS,740,10,2500,430,"1,945,000",3/05/2013,nan,1A,Privado,41,85,85325,
194,194,124,9CR,nan,EL CAPRICHO,Puerto Gaitán,Meta,Aeródromo,4.2018,-72.1632,JORGE E. SALAZAR B.,EL MISMO,700,18,4500,551,"329,000",7/02/2013,5/04/2016,1A,Privado,1,50,50568,
195,195,30,7HC,nan,EL CAFUCHE,La Primavera,Vichada,Aeródromo,5.3152,-70.0184,ANDRES CARVAJAL MOLINA,ANDRES CARVAJAL MOLINA,850,18,4000,384,"3,826,000",30/08/2017,29/08/2018,1A,Privado,407605,99,99524,
196,196,99,9BN,nan,EL SOÑADOR,Aguazul,Casanare,Aeródromo,5.2299,-72.4528,GLORIA M. ALVIRA R.,CELTA LTDA.,700,14,2000,865,"304,000",27/01/2010,9/02/2013,1A,Fumigación,226984,85,85010,
197,197,313,CIM,CIM,GUSTAVO ROJAS PINILLA,Cimitarra,Santander,Aeródromo,6.3674,-73.9706,AEROCIVIL,AEROCIVIL,1500,40,12202,735,"644,000",5/06/1967,nan,3C,Aerocivil,338,68,68190,
198,198,66,7NT,nan,OCELOTE,Puerto Gaitán,Meta,Aeródromo,4.2751,-71.6123,HOCOL S.A.,HOCOL S.A.,1200,20,5414,690,"5,922,000",19/10/2012,nan,2B,Privado,1159,50,50568,
199,199,632,ORU,nan,EL MEDANO,Orocué,Casanare,Aeródromo,4.7621,-71.7184,ALBERTO MENDOZA Y OTRO,EL MISMO,885,15,4950,485,"828,000",27/02/2007,nan,1A,Privado,6,85,85230,
200,200,174,9MK,nan,VILLA ISABELLA,Trinidad,Casanare,Aeródromo,5.2993,-71.3434,RAFAEL QUESADA,TAES LTDA.,800,10,2000,620,"4,313,000",31/10/2018,nan,1A,Fumigación,493950,85,85430,
201,201,172,9MI,nan,LA FORTUNA,Puerto López,Meta,Aeródromo,4.1028,-72.978,SAAC S.A.S,SAAC S.A.S,780,15,3000,690,nan,15/08/2016,22/12/2015,1A,Fumigación,506337,50,50573,
202,202,562,MMP,MVP,SAN BERNARDO,Mompós,Bolívar,Aeródromo,9.2583,-74.4383,AEROCIVIL,AEROCIVIL,1175,14,16300,72,"352,000",17/05/1968,nan,2A,Aerocivil,924,13,13468,
203,203,153,9LP,nan,LA REDENCION,Pore,Casanare,Aeródromo,5.6618,-71.8088,MARIA DEL S. MONTOYA,FRANCISCO H. MARTINEZ,750,10,2000,636,"3,053,000",26/06/2013,nan,1A,Privado,226984,85,85263,
204,204,18,7GN,nan,LOS MANGOS,Ayapel,Córdoba,Aeródromo,8.2956,-75.0987,MANUEL LOPEZ ORTEGA,MANUEL LOPEZ ORTEGA,200,10,500,90,"5,190,000",24/09/2013,nan,UL,Privado,226984,23,23068,
205,205,104,9BT,nan,ASA SAN MARTIN,Riohacha,La Guajira,Aeródromo,11.2889,-73.1756,ASA S EN C,ASA S. EN C.,830,15,4500,49,"5,612,000",4/10/2012,nan,1A,Fumigación,226984,44,44001,
206,206,180,9MQ,nan,EL RASTRO,Cumaribo,Vichada,Aeródromo,4.7022,-70.8617,EL RASTRO 1 S.A.S.,EL RASTRO  1 S.A.S,800,15,2000,545,"7,391,000",29/12/2015,nan,1A,Fumigación,456819,99,99773,
207,207,134,9DG,nan,EL LAGO - CA,Piedras,Tolima,Aeródromo,4.5575,-74.9003,BERNEY RODRIGUEZ,OSMANI RODRIGUEZ CARDOZO,350,10,500,1050,"6,744,000",17/12/2016,nan,UL,Privado,479797,73,73547,
208,208,584,MTR,MTR,LOS GARZONES,Montería,Córdoba,Nacional,8.8239,-75.8261,AEROCIVIL,EN CONCESION-SOACN(Sociedad Operadora de Aeropuertos Centro Norte,1860,35,5414,19,"984,000",2/02/1987,nan,4C,Aerocivil,70624,23,23001,
209,209,36,7HJ,nan,MACOLLA,Maní,Casanare,Aeródromo,4.7713,-72.0714,GRAMERCY S.A.S.,AGROPECUARIA CACOLLA S.A.S.,950,18,5000,548,"2,134,000",16/05/2013,nan,1A,Privado,12,85,85139,
210,210,208,ACL,ACL,AGUACLARA,Sabanalarga,Casanare,Aeródromo,4.7333,-73.0583,CORREGIMIENTO,CORREGIMIENTO,800,25,12202,1033,"3,660,000",14/08/2007,nan,1C,Público,2,85,85300,
211,211,89,9BB,nan,SAN MIGUEL,Puerto López,Meta,Aeródromo,4.1069,-72.89,ELIZABETH CRUZ BULLA,SAAC S.A.S,670,10,2000,803,"251,000",1/02/2012,9/02/2015,1A,Fumigación,105,50,50573,
212,212,401,FLA,FLA,GUSTAVO ARTUNDUAGA PAREDES,Florencia,Caquetá,Nacional,1.589,-75.5643,AEROCIVIL,AEROCIVIL,1500,30,5414,803,"984,000",2/02/1987,nan,3C,Aerocivil,16997,18,18001,
