,gcd_municipio,municipio
0,25175,Chía
1,13001,Cartagena de Indias
2,86885,Villagarzón
3,20011,Aguachica
4,50006,Acacías
5,85400,Támara
6,50573,Puerto López
7,5147,Carepa
8,68575,Puerto Wilches
9,23068,Ayapel
10,88001,San Andrés
11,47058,Ariguaní
12,52001,Pasto
13,15516,Paipa
14,18753,San Vicente del Caguán
15,73547,Piedras
16,47555,Plato
17,85410,Tauramena
18,20045,Becerril
19,73168,Chaparral
20,81001,Arauca
21,50150,Castilla la Nueva
22,73268,Espinal
23,68895,Zapatoca
24,81220,Cravo Norte
25,19001,Popayán
26,5847,Urrao
27,76616,Riofrío
28,54001,San José de Cúcuta
29,85225,Nunchía
30,41551,Pitalito
31,54498,Ocaña
32,99624,Santa Rosalía
33,50689,San Martín
34,47001,Santa Marta
35,85010,Aguazul
36,81794,Tame
37,27077,Bajo Baudó
38,73024,Alpujarra
39,99001,Puerto Carreño
40,13468,Mompós
41,11001,"Bogotá, D.C."
42,85125,Hato Corozal
43,73275,Flandes
44,73861,Venadillo
45,70823,Tolú Viejo
46,50110,Barranca de Upía
47,85139,Maní
48,94001,Inírida
49,5150,Carolina
50,76113,Bugalagrande
51,70215,Corozal
52,18001,Florencia
53,41524,Palermo
54,54385,La Esperanza
55,88564,Providencia
56,73443,San Sebastián de Mariquita
57,52835,San Andrés de Tumaco
58,76670,San Pedro
59,8573,Puerto Colombia
60,23001,Montería
61,5604,Remedios
62,97001,Mitú
63,81300,Fortul
64,20250,El Paso
65,68190,Cimitarra
66,99524,La Primavera
67,85250,Paz de Ariporo
68,95200,Miraflores
69,85263,Pore
70,86568,Puerto Asís
71,27001,Quibdó
72,68655,Sabana de Torres
73,50124,Cabuyaro
74,44001,Riohacha
75,66075,Balboa
76,85325,San Luis de Palenque
77,85230,Orocué
78,20517,Pailitas
79,27006,Acandí
80,27205,Condoto
81,50001,Villavicencio
82,81065,Arauquita
83,76109,Buenaventura
84,52022,Aldana
85,73026,Alvarado
86,73001,Ibagué
87,19698,Santander de Quilichao
88,94343,Barranco Minas
89,23189,Ciénaga de Oro
90,47245,El Banco
91,5172,Chigorodó
92,25086,Beltrán
93,13212,Córdoba
94,73067,Ataco
95,27495,Nuquí
96,18756,Solano
97,76622,Roldanillo
98,15572,Puerto Boyacá
99,76318,Guacarí
100,76892,Yumbo
101,99773,Cumaribo
102,23466,Montelíbano
103,13673,Santa Catalina
104,76248,El Cerrito
105,85001,Yopal
106,85162,Monterrey
107,20228,Curumaní
108,20001,Valledupar
109,41001,Neiva
110,50226,Cumaral
111,19318,Guapí
112,94883,San Felipe
113,85430,Trinidad
114,13430,Magangué
115,5031,Amalfi
116,76520,Palmira
117,5051,Arboletes
118,68547,Piedecuesta
119,85300,Sabanalarga
120,50568,Puerto Gaitán
121,68081,Barrancabermeja
