,id_trayecto,origen,destino
0,0,CZU,BOG
1,1,CLO,GPI
2,2,APO,CUC
3,3,IBE,VGP
4,4,PPN,GYM
5,5,BOG,OTU
6,6,GYM,OCV
7,7,NVA,7NT
8,8,GPI,PSO
9,9,CUC,AUC
10,10,VVC,BMG
11,11,PPN,TCO
12,12,TME,BOG
13,13,VVC,BAR
14,14,APO,RCH
15,15,VUP,MGN
16,16,MGN,EYP
17,17,7GD,VUP
18,18,ACD,MTR
19,19,PUU,IPI
20,20,9BF,VUP
21,21,7GH,GYM
22,22,OCV,CUC
23,23,CLO,IBE
24,24,BOG,OCV
25,25,EJA,NVA
26,26,PZA,NVA
27,27,EJA,MQU
28,28,RAV,GYM
29,29,BOG,PIP
30,30,VGP,SVI
31,31,ELB,MTR
32,32,VVC,7HF
33,33,BOG,BMG
34,34,NVA,ADZ
35,35,UIB,CZU
36,36,NVA,RVE
37,37,AUC,CLO
38,38,7GD,RVE
39,39,CIM,GYM
40,40,BOG,PZA
41,41,COG,BOG
42,42,TME,EYP
43,43,APO,ADZ
44,44,7HB,PZA
45,45,VGP,PPN
46,46,MQU,BOG
47,47,RCH,VUP
48,48,7GF,VVC
49,49,PSO,VVC
50,50,VVC,CZU
51,51,PCR,TME
52,52,VVC,AUC
53,53,VVC,7HB
54,54,SMR,9BF
55,55,SNR,GYM
56,56,AUC,NVA
57,57,VUP,BMG
58,58,UIB,APO
59,59,7NS,EYP
60,60,RVE,CUC
61,61,EYP,TME
62,62,PSO,NVA
63,63,IBE,CTG
64,64,GYM,BMG
65,65,9CU,7GC
66,66,EYP,7HF
67,67,TCO,CZU
68,68,BOG,PCR
69,69,VVC,9LI
70,70,MVP,TME
71,71,MTR,RCH
72,72,VVC,9AT
73,73,RAV,TME
74,74,CZU,BUN
75,75,BOG,NVA
76,76,EJA,SMR
77,77,CLO,PIP
78,78,AGH,EJA
79,79,BOG,MQU
80,80,AUC,RCH
81,81,CTG,FLA
82,82,UIB,TLU
83,83,AUC,CUC
84,84,SVI,BOG
85,85,VVC,NVA
86,86,PLT,MTR
87,87,CTG,CUC
88,88,MTR,CZU
89,89,NVA,GYM
90,90,MTR,ELB
91,91,MVP,BMG
92,92,PPN,FLA
93,93,VGP,GYM
94,94,CZU,PLT
95,95,EJA,7NT
96,96,GYM,ACD
97,97,HTZ,AUC
98,98,PUU,PPN
99,99,BUN,UIB
100,100,IPI,GYM
101,101,HTZ,GYM
102,102,VVC,BOG
103,103,BBA,UIB
104,104,GYM,SVI
105,105,AUC,ARQ
106,106,EJA,MGN
107,107,FLA,SMR
108,108,IBE,PSO
109,109,MTR,BOG
110,110,7GD,APO
111,111,FLA,7NT
112,112,CLO,COG
113,113,CLO,VVC
114,114,IBE,PTL
115,115,CTG,AGH
116,116,BOG,PSO
117,117,MVP,9AK
118,118,VVC,ACR
119,119,EYP,7NS
120,120,9CL,AUC
121,121,PCR,NVA
122,122,SMR,BOG
123,123,7FU,VVC
124,124,ELB,VUP
125,125,MMP,ELB
126,126,GYM,CPL
127,127,UIB,GYM
128,128,EYP,HTZ
129,129,VUP,PZA
130,130,GYM,PLT
131,131,BOG,PPN
132,132,AUC,PCR
133,133,EJA,PUU
134,134,PUU,GYM
135,135,9BE,EYP
136,136,SVI,EYP
137,137,BOG,FLA
138,138,VGP,TCO
139,139,GYM,PCR
140,140,IBE,SVI
141,141,CTG,VUP
142,142,ADZ,SMR
143,143,PIP,EYP
144,144,UIB,NVA
145,145,7NS,BOG
146,146,CLO,PSO
147,147,CLO,UIB
148,148,CLO,NQU
149,149,EYP,CZU
150,150,PIP,GYM
151,151,NQU,EJA
152,152,GYM,APO
153,153,CLO,VGP
154,154,CUC,CTG
155,155,CTG,MGN
156,156,SMR,MTR
157,157,VVC,VUP
158,158,TME,CUC
159,159,CLO,SMR
160,160,PPN,GPI
161,161,BUN,CUC
162,162,BOG,7GH
163,163,PUU,ADZ
164,164,PCR,VVC
165,165,NVA,VGP
166,166,RAV,HTZ
167,167,VUP,PSO
168,168,CTG,GYM
169,169,MMP,EJA
170,170,PZA,HTZ
171,171,EJA,AGH
172,172,BOG,ACD
173,173,AUC,9CL
174,174,PSO,EYP
175,175,7HG,PZA
176,176,GYM,SMR
177,177,IGO,MTR
178,178,VVC,SVI
179,179,VUP,SMR
180,180,TCO,GPI
181,181,PPN,BUN
182,182,PZA,7GF
183,183,MGN,TLU
184,184,PUU,EJA
185,185,EYP,RAV
186,186,VUP,CTG
187,187,BMG,BOG
188,188,VVC,RCH
189,189,PCR,MVP
190,190,NVA,FLA
191,191,EYP,9AO
192,192,CIM,BOG
193,193,BOG,HTZ
194,194,CTG,TME
195,195,PIP,SMR
196,196,MQU,PTL
197,197,FLA,BOG
198,198,EJA,EYP
199,199,VVC,7NT
200,200,EYP,NVA
201,201,9CE,EYP
202,202,9BF,CTG
203,203,MTR,PLT
204,204,IBE,VVC
205,205,MMP,SMR
206,206,IBE,7GD
207,207,BOG,CLO
208,208,TDA,EYP
209,209,GYM,EJA
210,210,TME,OCV
211,211,ELB,SMR
212,212,PUU,7NS
213,213,PUU,PTL
214,214,VUP,AGH
215,215,UIB,RCH
216,216,PPN,AUC
217,217,GYM,TME
218,218,OCV,EYP
219,219,NQU,FLA
220,220,VVC,FLA
221,221,CTG,MMP
222,222,7NT,PCR
223,223,7GD,EYP
224,224,BOG,9DB
225,225,PLT,PUU
226,226,PCR,BOG
227,227,RVE,SMR
228,228,CPL,PTL
229,229,MTB,MVP
230,230,EYP,9CU
231,231,GYM,UIB
232,232,EYP,PCR
233,233,GYM,AUC
234,234,VGP,CLO
235,235,7HB,EYP
236,236,AUC,CZU
237,237,VVC,7GF
238,238,BBA,BOG
239,239,IBE,GYM
240,240,CTG,BOG
241,241,VGP,EYP
242,242,EYP,MVP
243,243,BOG,TLU
244,244,ELB,CZU
245,245,AUC,SVI
246,246,RVE,BOG
247,247,VUP,CUC
248,248,FLA,PUU
249,249,EYP,7HC
250,250,BOG,MFS
251,251,NVA,PLT
252,252,9CJ,EYP
253,253,TME,VUP
254,254,EYP,TTM
255,255,MTR,GYM
256,256,OCV,ELB
257,257,GYM,HTZ
258,258,BUN,IBE
259,259,UIB,7GD
260,260,BMG,MVP
261,261,NVA,BOG
262,262,GYM,PUU
263,263,VUP,APO
264,264,CUC,MTR
265,265,9BB,EYP
266,266,VVC,MTR
267,267,RAV,PZA
268,268,7GC,TME
269,269,PSO,IBE
270,270,TLU,CZU
271,271,PSO,VGP
272,272,IPI,PUU
273,273,9CE,PZA
274,274,AGH,VUP
275,275,GPI,NVA
276,276,CUC,NVA
277,277,EJA,BUN
278,278,NQU,CLO
279,279,OTU,EJA
280,280,ACR,VVC
281,281,CZU,MGN
282,282,9DI,MVP
283,283,GPI,BOG
284,284,PZA,EYP
285,285,PTL,FLA
286,286,AUC,EJA
287,287,SVI,VGP
288,288,MFS,VVC
289,289,UIB,COG
290,290,GYM,VGP
291,291,VVC,PUU
292,292,CLO,IPI
293,293,VGP,IBE
294,294,VVC,MTB
295,295,FLA,VGP
296,296,CTG,PVA
297,297,PLT,CZU
298,298,IBE,UIB
299,299,MVP,EYP
300,300,RVE,AUC
301,301,CPL,NVA
302,302,CUC,PSO
303,303,UIB,BBA
304,304,VGP,BOG
305,305,MQU,IBE
306,306,CLO,VUP
307,307,VVC,7GH
308,308,PLT,CLO
309,309,TME,HTZ
310,310,UIB,TCO
311,311,EYP,APO
312,312,EJA,MTR
313,313,HTZ,CUC
314,314,NVA,TCO
315,315,PTL,PUU
316,316,EYP,PIP
317,317,PZA,VVC
318,318,EJA,RCH
319,319,7GF,PZA
320,320,ACD,UIB
321,321,BOG,MMP
322,322,PSO,EJA
323,323,CPL,FLA
324,324,CLO,AUC
325,325,7GF,GYM
326,326,CTG,MTR
327,327,VVC,CTG
328,328,OCV,GYM
329,329,RAV,BOG
330,330,OTU,CLO
331,331,MQU,TLU
332,332,BOG,SVI
333,333,VVC,7NS
334,334,IBE,PUU
335,335,PTW,EJA
336,336,HTZ,VVC
337,337,VVC,SNR
338,338,SMR,EJA
339,339,CLO,CUC
340,340,PSO,PPN
341,341,VGP,PTL
342,342,VVC,SMR
343,343,VVC,PIP
344,344,BOG,GPI
345,345,EYP,9CG
346,346,AUC,RVE
347,347,RCH,ADZ
348,348,PZA,CTG
349,349,CUC,CLO
350,350,9AR,MVP
351,351,MTR,VVC
352,352,PIP,BOG
353,353,NQU,BBA
354,354,BMG,VVC
355,355,IPI,BOG
356,356,MVP,9AR
357,357,MTR,IGO
358,358,PCR,RAV
359,359,CLO,EYP
360,360,9CB,TME
361,361,FLA,AUC
362,362,GPI,TCO
363,363,NVA,CZU
364,364,GYM,9BB
365,365,CTG,MTB
366,366,EYP,7GD
367,367,CLO,PLT
368,368,NVA,MTR
369,369,BAR,VVC
370,370,ADZ,PVA
371,371,OCV,BOG
372,372,FLA,BUN
373,373,PCR,IBE
374,374,GPI,UIB
375,375,MGN,VUP
376,376,7GD,CUC
377,377,IPI,CLO
378,378,UIB,MTR
379,379,RVE,NVA
380,380,ADZ,CLO
381,381,SMR,AUC
382,382,CUC,HTZ
383,383,IPI,TCO
384,384,ADZ,MTR
385,385,EYP,VVC
386,386,VVC,HTZ
387,387,VVC,7HG
388,388,PZA,TME
389,389,GYM,MVP
390,390,GYM,7GH
391,391,AUC,TME
392,392,FLA,NVA
393,393,EYP,SVI
394,394,TDA,7HG
395,395,ACR,MVP
396,396,BUN,NQU
397,397,VUP,VVC
398,398,9AT,VVC
399,399,SMR,CTG
400,400,FLA,SVI
401,401,TCO,COG
402,402,7HG,EYP
403,403,BOG,ACR
404,404,BUN,NVA
405,405,EJA,VUP
406,406,9AO,EYP
407,407,SNR,VVC
408,408,APO,UIB
409,409,IBE,GPI
410,410,CIM,EJA
411,411,HTZ,TME
412,412,IBE,EYP
413,413,ELB,BOG
414,414,TME,MVP
415,415,VVC,TME
416,416,MFS,BOG
417,417,ACR,GYM
418,418,TCO,BOG
419,419,MTR,ACD
420,420,7NT,VVC
421,421,NVA,MGN
422,422,CLO,BUN
423,423,AUC,RAV
424,424,7HF,VVC
425,425,TME,SVI
426,426,CTG,CZU
427,427,CLO,FLA
428,428,GPI,IBE
429,429,BOG,EJA
430,430,FLA,CLO
431,431,SMR,GYM
432,432,EYP,RCH
433,433,NVA,CLO
434,434,CUC,APO
435,435,NVA,PZA
436,436,PIP,PSO
437,437,TCO,NVA
438,438,CLO,RCH
439,439,PPN,VVC
440,440,CTG,CLO
441,441,GYM,CLO
442,442,9CU,TDA
443,443,EJA,PLT
444,444,9CZ,EYP
445,445,CUC,VVC
446,446,RVE,TME
447,447,VVC,9AO
448,448,BUN,CZU
449,449,TLU,MTR
450,450,RCH,EJA
451,451,PZA,9CE
452,452,9CI,AUC
453,453,TME,RAV
454,454,MQU,NVA
455,455,CUC,IBE
456,456,BOG,ATC
457,457,PPN,IPI
458,458,OCV,NVA
459,459,PSO,CLO
460,460,MVP,EJA
461,461,MTR,SMR
462,462,GYM,IPI
463,463,VVC,RVE
464,464,PVA,ADZ
465,465,PZA,AUC
466,466,OCV,EJA
467,467,MVP,9DI
468,468,BOG,9BW
469,469,9CG,7GF
470,470,MTR,MTB
471,471,CTG,EJU
472,472,CZU,VVC
473,473,PPN,PSO
474,474,GYM,MTR
475,475,7NT,EYP
476,476,CLO,MTR
477,477,RCH,IBE
478,478,MTB,IBE
479,479,9BI,EYP
480,480,AGB,IBE
481,481,TCO,IBE
482,482,VVC,BUN
483,483,EYP,CPL
484,484,PTL,BOG
485,485,BOG,BBA
486,486,PLT,VGP
487,487,PUU,IBE
488,488,FLA,MVP
489,489,CTG,IBE
490,490,PVA,PUU
491,491,CTG,PZA
492,492,SVI,VVC
493,493,TME,AUC
494,494,MVP,ACR
495,495,CUC,RAV
496,496,BUN,PSO
497,497,VUP,9BF
498,498,OCV,CTG
499,499,APO,CLO
500,500,BOG,RVE
501,501,9AB,BOG
502,502,SVI,OCV
503,503,CPL,GYM
504,504,9BW,VVC
505,505,VVC,APO
506,506,EYP,7NT
507,507,CTG,ADZ
508,508,PCR,GYM
509,509,9AB,EYP
510,510,CIM,OCV
511,511,9CG,RAV
512,512,MTR,CTG
513,513,APO,ACD
514,514,CTG,RCH
515,515,AGH,CUC
516,516,CLO,MVP
517,517,RCH,CLO
518,518,7GD,VGP
519,519,MVP,VVC
520,520,VUP,NVA
521,521,BOG,COG
522,522,MTR,CUC
523,523,CZU,VUP
524,524,EYP,CTG
525,525,CLO,ADZ
526,526,IBE,FLA
527,527,MMP,CTG
528,528,MVP,9AJ
529,529,NVA,MQU
530,530,IPI,PSO
531,531,MTR,FLA
532,532,ZPS,EJA
533,533,VGP,IPI
534,534,GYM,7GF
535,535,EJA,BOG
536,536,7NS,7NT
537,537,EYP,9BE
538,538,VVC,VGP
539,539,RCH,NVA
540,540,7GD,EJA
541,541,MVP,MTB
542,542,EYP,GYM
543,543,OCV,UIB
544,544,TDA,7GC
545,545,UIB,VVC
546,546,PZA,GYM
547,547,CZU,ELB
548,548,FLA,GYM
549,549,NQU,BOG
550,550,NVA,7NS
551,551,NVA,SVI
552,552,SMR,CLO
553,553,7NS,CUC
554,554,VUP,MTR
555,555,VVC,9LQ
556,556,SVI,CLO
557,557,CTG,UIB
558,558,MMP,VUP
559,559,MTR,PVA
560,560,UIB,ACD
561,561,VUP,EYP
562,562,APO,RVE
563,563,MMP,CZU
564,564,IPI,PPN
565,565,9AJ,VVC
566,566,AUC,PUU
567,567,IBE,CPL
568,568,RCH,BOG
569,569,9CG,EYP
570,570,MVP,MFS
571,571,9LW,EYP
572,572,EYP,VGP
573,573,AUC,7GH
574,574,9LI,AUC
575,575,HTZ,PZA
576,576,CTG,SMR
577,577,EJU,CTG
578,578,ADZ,GYM
579,579,EYP,7HG
580,580,ACR,SVI
581,581,VUP,RCH
582,582,APO,BOG
583,583,MGN,CZU
584,584,GYM,COG
585,585,ABT,PVA
586,586,BOG,CUC
587,587,MQU,GYM
588,588,7NT,7NS
589,589,VUP,GYM
590,590,PPN,SVI
591,591,ATC,BOG
592,592,CUC,GPI
593,593,UIB,EYP
594,594,EJA,CIM
595,595,CZU,TLU
596,596,9BB,BOG
597,597,TCO,CLO
598,598,SMR,CUC
599,599,EYP,PSO
600,600,PUU,FLA
601,601,PTL,VVC
602,602,GYM,GPI
603,603,CTG,ELB
604,604,7GD,CTG
605,605,SVI,CPL
606,606,MGN,TCO
607,607,CUC,7GD
608,608,TME,7GF
609,609,BOG,MTB
610,610,EJA,UIB
611,611,VVC,9CI
612,612,AUC,OCV
613,613,BOG,PUU
614,614,NVA,CPL
615,615,BUN,VVC
616,616,TME,IBE
617,617,MTR,ADZ
618,618,GPI,PPN
619,619,PUU,VGP
620,620,SVI,NVA
621,621,9CB,BOG
622,622,TLU,CTG
623,623,RAV,VVC
624,624,CZU,CTG
625,625,7GD,CLO
626,626,VGP,AUC
627,627,SMR,VUP
628,628,EYP,9AB
629,629,MTR,MGN
630,630,ELB,CTG
631,631,VVC,TDA
632,632,9BW,GYM
633,633,RAV,9CG
634,634,PZA,RAV
635,635,7NT,EJA
636,636,MTB,BOG
637,637,EJA,IBE
638,638,PUU,PSO
639,639,MTR,UIB
640,640,VGP,VVC
641,641,MVP,PPN
642,642,PPN,UIB
643,643,9DB,BOG
644,644,GYM,TCO
645,645,COG,TCO
646,646,BOG,MTR
647,647,PCR,EYP
648,648,GYM,BOG
649,649,CZU,RCH
650,650,IPI,VVC
651,651,PLT,BOG
652,652,EYP,AUC
653,653,GYM,NVA
654,654,BOG,TCO
655,655,AGH,OCV
656,656,CUC,EJA
657,657,EJA,CUC
658,658,TME,NVA
659,659,ADZ,CTG
660,660,9BB,VVC
661,661,EJA,VVC
662,662,VGP,PSO
663,663,NVA,AUC
664,664,EYP,CUC
665,665,NVA,CUC
666,666,PSO,GPI
667,667,AUC,TDA
668,668,FLA,CUC
669,669,7GC,GYM
670,670,AUC,GYM
671,671,COG,CLO
672,672,NVA,TLU
673,673,UIB,IBE
674,674,NVA,EJA
675,675,EYP,VUP
676,676,EJA,VGP
677,677,CZU,MTR
678,678,VUP,CZU
679,679,CLO,BBA
680,680,PZA,EJA
681,681,ACD,CZU
682,682,FLA,PTL
683,683,CUC,OTU
684,684,CLO,BOG
685,685,IBE,MQU
686,686,EYP,MTR
687,687,TDA,BOG
688,688,PIP,VVC
689,689,CUC,OCV
690,690,BOG,CZU
691,691,PCR,7GH
692,692,A01,MVP
693,693,ELB,MMP
694,694,VVC,PCR
695,695,CTG,EJA
696,696,BBA,CLO
697,697,MVP,PCR
698,698,BMG,9DI
699,699,MGN,BOG
700,700,VVC,EYP
701,701,RVE,EYP
702,702,MQU,CPL
703,703,AGH,CTG
704,704,HTZ,EYP
705,705,9BW,EYP
706,706,EYP,SNR
707,707,APO,COG
708,708,NVA,RAV
709,709,7NT,PIP
710,710,7GF,EYP
711,711,NVA,PUU
712,712,MTR,MMP
713,713,MTR,CLO
714,714,PZA,UIB
715,715,SVI,MVP
716,716,GYM,BUN
717,717,PUU,PLT
718,718,IBE,MTR
719,719,ADZ,BOG
720,720,CLO,PUU
721,721,CLO,NVA
722,722,SVI,PUU
723,723,PPN,VUP
724,724,VUP,CLO
725,725,7GF,TME
726,726,BOG,VUP
727,727,PUU,NVA
728,728,BOG,UIB
729,729,EYP,7GF
730,730,EYP,9CE
731,731,GPI,BUN
732,732,PUU,EYP
733,733,MTR,VUP
734,734,ACR,FLA
735,735,MFS,ACR
736,736,GYM,MMP
737,737,EYP,PUU
738,738,VVC,IBE
739,739,APO,MTR
740,740,VVC,GPI
741,741,BUN,FLA
742,742,EJA,TCO
743,743,PZA,9CJ
744,744,PTL,PPN
745,745,BOG,CIM
746,746,TME,RVE
747,747,IPI,NVA
748,748,EYP,IBE
749,749,7HF,EYP
750,750,ELB,EJA
751,751,TLU,UIB
752,752,MMP,BOG
753,753,VVC,PSO
754,754,RCH,UIB
755,755,VVC,7GC
756,756,NVA,PTL
757,757,CUC,TME
758,758,CPL,BOG
759,759,BBA,NQU
760,760,9AJ,MVP
761,761,VVC,9CD
762,762,MTR,AUC
763,763,CTG,BUN
764,764,PVA,ABT
765,765,PUU,MQU
766,766,OTU,CUC
767,767,RCH,CTG
768,768,MVP,A01
769,769,BOG,RAV
770,770,GPI,VVC
771,771,ADZ,VUP
772,772,TDA,9CU
773,773,PSO,TCO
774,774,EYP,9LW
775,775,NQU,GYM
776,776,AUC,PZA
777,777,EYP,9CZ
778,778,UIB,SMR
779,779,MTR,AFI
780,780,AUC,BOG
781,781,BOG,CPL
782,782,BBA,BUN
783,783,EYP,BOG
784,784,7GC,EYP
785,785,EJA,7GD
786,786,GYM,ACR
787,787,RAV,EYP
788,788,CTG,TLU
789,789,PZA,9CI
790,790,SMR,PIP
791,791,TME,VVC
792,792,CZU,MMP
793,793,TCO,PUU
794,794,VUP,TLU
795,795,NQU,IBE
796,796,CUC,RCH
797,797,VUP,IBE
798,798,OTU,BOG
799,799,PSO,IPI
800,800,VVC,AGH
801,801,EYP,BAR
802,802,CTG,PPN
803,803,PVA,SVI
804,804,MTB,VVC
805,805,PZA,PCR
806,806,RVE,CLO
807,807,IBE,BOG
808,808,BOG,TME
809,809,GPI,CLO
810,810,CUC,PZA
811,811,VVC,MQU
812,812,7GH,EYP
813,813,CUC,VUP
814,814,VVC,PTL
815,815,VGP,CUC
816,816,SVI,FLA
817,817,EYP,9BW
818,818,TCO,PSO
819,819,CTG,OCV
820,820,VVC,MGN
821,821,PUU,BOG
822,822,BOG,AUC
823,823,AUC,VVC
824,824,PZA,BOG
825,825,FLA,TCO
826,826,PZA,TDA
827,827,7NT,BOG
828,828,BUN,BBA
829,829,ACR,BOG
830,830,BUN,GPI
831,831,TLU,BOG
832,832,CUC,GYM
833,833,EJA,7NR
834,834,PCR,SNR
835,835,TDA,VVC
836,836,CLO,CTG
837,837,7HB,VVC
838,838,SMR,RCH
839,839,MTR,APO
840,840,BOG,PTW
841,841,PPN,IBE
842,842,BOG,EYP
843,843,YPP,EYP
844,844,NVA,7GF
845,845,7NT,NVA
846,846,GYM,9CR
847,847,MGN,EJA
848,848,9AK,MVP
849,849,PSO,PUU
850,850,PZA,7HG
851,851,7NS,IBE
852,852,VVC,A01
853,853,9CR,GYM
854,854,PTL,IBE
855,855,CZU,SMR
856,856,EYP,9CC
857,857,PUU,AUC
858,858,BOG,NQU
859,859,PUU,TCO
860,860,CTG,NVA
861,861,VVC,9DI
862,862,BOG,SMR
863,863,EJA,AUC
864,864,7GD,IBE
865,865,RCH,GYM
866,866,RVE,GYM
867,867,OCV,AGH
868,868,UIB,CLO
869,869,RAV,AUC
870,870,EJA,CLO
871,871,AGH,BOG
872,872,EYP,7GH
873,873,NVA,SMR
874,874,EYP,FLA
875,875,SVI,GYM
876,876,TCO,FLA
877,877,9BB,PUU
878,878,SMR,CZU
879,879,GYM,NQU
880,880,EJA,ADZ
881,881,CZU,NVA
882,882,EYP,7HB
883,883,PLT,GYM
884,884,VVC,MFS
885,885,OTU,MTR
886,886,PUU,VVC
887,887,9CC,EYP
888,888,TCO,PPN
889,889,GYM,PPN
890,890,VVC,OCV
891,891,GYM,CTG
892,892,ELB,AGH
893,893,GYM,7HF
894,894,9MW,VVC
895,895,PPN,VGP
896,896,IBE,PCR
897,897,PPN,MTR
898,898,NVA,CTG
899,899,ADZ,APO
900,900,UIB,OTU
901,901,CTG,AUC
902,902,PLT,NVA
903,903,BOG,BUN
904,904,VVC,9BB
905,905,GYM,EYP
906,906,MGN,MTR
907,907,UIB,URR
908,908,PSO,GYM
909,909,7NR,BOG
910,910,CZU,EJA
911,911,NVA,PCR
912,912,TDA,PZA
913,913,BOG,VGP
914,914,RCH,MTR
915,915,GYM,CIM
916,916,VVC,CPL
917,917,EJA,GYM
918,918,RCH,CUC
919,919,EJA,PIP
920,920,7GC,9CU
921,921,BUN,MTB
922,922,FLA,EYP
923,923,IBE,EJA
924,924,UIB,EJA
925,925,CUC,UIB
926,926,MQU,VVC
927,927,MVP,NVA
928,928,PSO,FLA
929,929,NVA,BUN
930,930,CZU,UIB
931,931,PPN,BOG
932,932,NVA,EYP
933,933,7GF,7HG
934,934,TCO,VVC
935,935,HTZ,RAV
936,936,BOG,9BF
937,937,SVI,TME
938,938,VVC,9AB
939,939,PCR,AUC
940,940,SVI,IBE
941,941,GYM,IBE
942,942,TCO,BUN
943,943,OCV,VUP
944,944,TCO,GYM
945,945,VGP,NVA
946,946,GYM,CUC
947,947,CLO,PTL
948,948,BOG,9CB
949,949,BOG,PLT
950,950,BOG,9AB
951,951,9DI,VVC
952,952,BOG,7NT
953,953,VGP,FLA
954,954,MGN,CTG
955,955,PIP,MTR
956,956,CTG,9BF
957,957,RCH,ELB
958,958,GYM,SNR
959,959,BOG,7NS
960,960,VUP,BUN
961,961,PCR,BMG
962,962,PCR,RVE
963,963,7NS,VVC
964,964,CUC,RVE
965,965,BOG,7GD
966,966,SMR,NVA
967,967,ARQ,AUC
968,968,IPI,PTL
969,969,APO,CZU
970,970,CZU,TCO
971,971,EYP,TDA
972,972,CPL,VVC
973,973,BMG,EYP
974,974,GYM,PSO
975,975,7GC,TDA
976,976,TME,PCR
977,977,CPL,MQU
978,978,NQU,UIB
979,979,CLO,TCO
980,980,AUC,VUP
981,981,UIB,GPI
982,982,COG,BBA
983,983,EYP,AGH
984,984,MVP,BOG
985,985,GYM,VVC
986,986,IPI,VGP
987,987,EYP,BMG
988,988,VVC,CLO
989,989,SVI,PTL
990,990,TCO,EJA
991,991,MVP,CUC
992,992,ADZ,CZU
993,993,SVI,ACR
994,994,NVA,IBE
995,995,VVC,CIM
996,996,BUN,GYM
997,997,PZA,MVP
998,998,VUP,BOG
999,999,MVP,GYM
1000,1000,FLA,IBE
1001,1001,9AO,VVC
1002,1002,AFI,PVA
1003,1003,BUN,PPN
1004,1004,VVC,GYM
1005,1005,EYP,9LI
1006,1006,AUC,9AB
1007,1007,PSO,MQU
1008,1008,VVC,MVP
1009,1009,RCH,SMR
1010,1010,CUC,EYP
1011,1011,CIM,VVC
1012,1012,7GH,PCR
1013,1013,UIB,CUC
1014,1014,CLO,EJA
1015,1015,PUU,CUC
1016,1016,TCO,VGP
1017,1017,NQU,PZA
1018,1018,BOG,GYM
1019,1019,VVC,EJA
1020,1020,PTL,CLO
1021,1021,BOG,TDA
1022,1022,BMG,GYM
1023,1023,CLO,CZU
1024,1024,MTR,EJA
1025,1025,SMR,ELB
1026,1026,BOG,MVP
1027,1027,BOG,IBE
1028,1028,9LQ,VVC
1029,1029,SMR,VVC
1030,1030,CTG,EYP
1031,1031,COG,UIB
1032,1032,EJA,OTU
1033,1033,VVC,7FU
1034,1034,EJA,OCV
1035,1035,CUC,MGN
1036,1036,NVA,IPI
1037,1037,BUN,BOG
1038,1038,CLO,GYM
1039,1039,9BW,BOG
1040,1040,BOG,ELB
1041,1041,CZU,EYP
1042,1042,GYM,RCH
1043,1043,MVP,MMP
1044,1044,UIB,BOG
1045,1045,EYP,EJA
1046,1046,IBE,CLO
1047,1047,FLA,TME
1048,1048,BOG,CTG
1049,1049,EYP,7GC
1050,1050,CUC,AGH
1051,1051,7GF,TDA
1052,1052,9LI,VVC
1053,1053,AUC,HTZ
1054,1054,NVA,VVC
1055,1055,EJA,CTG
1056,1056,RVE,VVC
1057,1057,VUP,FLA
1058,1058,9BF,BOG
1059,1059,GYM,9BW
1060,1060,MTB,MTR
1061,1061,MTB,SMR
1062,1062,AGH,ELB
1063,1063,CUC,BOG
1064,1064,UIB,NQU
1065,1065,SVI,AUC
1066,1066,MMP,MTR
1067,1067,TCO,UIB
1068,1068,TCO,IPI
1069,1069,RCH,EYP
1070,1070,MQU,EJA
1071,1071,PTL,NVA
1072,1072,PUU,CLO
1073,1073,EYP,RVE
1074,1074,GYM,PZA
1075,1075,BUN,TCO
1076,1076,EYP,9BI
1077,1077,PTL,VGP
1078,1078,BUN,CLO
1079,1079,ACD,APO
1080,1080,CZU,GYM
1081,1081,RAV,CUC
1082,1082,MGN,ELB
1083,1083,UIB,PPN
1084,1084,GYM,PVA
1085,1085,EYP,CLO
1086,1086,EJA,PTW
1087,1087,7GH,VVC
1088,1088,MGN,MMP
1089,1089,BBA,COG
1090,1090,GYM,VUP
1091,1091,EYP,9CJ
1092,1092,UIB,BUN
1093,1093,VUP,7GD
1094,1094,9CU,EYP
1095,1095,EYP,PZA
1096,1096,AUC,EYP
1097,1097,7GD,BOG
1098,1098,VVC,RAV
1099,1099,MFS,MVP
1100,1100,GYM,PIP
1101,1101,VVC,UIB
1102,1102,PIP,EJA
1103,1103,CTG,VVC
1104,1104,PZA,CPL
1105,1105,VVC,PPN
1106,1106,BOG,ADZ
1107,1107,MVP,MTR
1108,1108,APO,NQU
1109,1109,PCR,EJA
1110,1110,CPL,IBE
1111,1111,BOG,AGH
1112,1112,NVA,PPN
1113,1113,PSO,ADZ
1114,1114,VVC,TCO
1115,1115,PUU,SVI
1116,1116,TME,GYM
1117,1117,IBE,NVA
1118,1118,BOG,PVA
1119,1119,TCO,EYP
1120,1120,PTL,GYM
1121,1121,URR,UIB
1122,1122,MTB,ELB
1123,1123,EJA,CZU
1124,1124,BOG,MGN
1125,1125,APO,IGO
1126,1126,BOG,IPI
1127,1127,CLO,PPN
1128,1128,FLA,VVC
1129,1129,VVC,CUC
1130,1130,AUC,PSO
1131,1131,7GH,BOG
1132,1132,GYM,FLA
1133,1133,COG,APO
1134,1134,PPN,SMR
1135,1135,MTR,MVP
1136,1136,GYM,CZU
1137,1137,BUN,SMR
1138,1138,PSO,VUP
1139,1139,OTU,GYM
1140,1140,PPN,CLO
1141,1141,GYM,MQU
1142,1142,VVC,PZA
1143,1143,BOG,PTL
1144,1144,GYM,RVE
1145,1145,EYP,UIB
1146,1146,BOG,VVC
1147,1147,IBE,AUC
1148,1148,VUP,EJA
1149,1149,PIP,CLO
1150,1150,PVA,BOG
1151,1151,7NT,IBE
1152,1152,PZA,9LI
1153,1153,PSO,BOG
1154,1154,BOG,RCH
1155,1155,VGP,PUU
1156,1156,BOG,APO
1157,1157,CUC,SMR
1158,1158,RAV,PCR
1159,1159,GYM,PTL
1160,1160,7GC,PZA
